id,sim_time,y
0,0.0,1.76
1,0.0,1.76
2,8.81707501411438,5.25
3,8.81707501411438,5.25
4,8.872524976730347,3.74
5,8.872524976730347,3.74
6,8.922631978988647,4.14
7,8.922631978988647,4.14
8,8.973740100860596,3.64
9,8.973740100860596,3.95
10,9.033068895339966,3.19
11,9.033068895339966,3.0
12,9.086622953414917,3.64
13,9.137208938598633,3.62
14,9.137208938598633,3.62
15,9.19253396987915,3.25
16,9.24636697769165,3.24
17,9.24636697769165,3.24
18,9.296731948852539,3.58
19,9.296731948852539,3.52
20,9.360075950622559,3.52
21,9.360075950622559,3.41
22,9.414299011230469,2.73
23,9.414299011230469,3.47
24,9.466248035430908,2.57
25,9.466248035430908,2.57
26,9.51991605758667,3.07
27,9.51991605758667,2.91
28,9.57026195526123,3.24
29,9.57026195526123,3.24
30,9.622864007949829,3.18
31,9.698580980300903,3.18
32,9.698580980300903,3.13
33,9.75167202949524,3.29
34,9.75167202949524,3.32
35,9.804075002670288,3.51
36,9.804075002670288,3.51
37,9.856107950210571,3.48
38,9.856107950210571,3.28
39,9.911847114562988,3.34
40,9.911847114562988,3.47
41,9.963699102401733,3.73
42,9.963699102401733,3.65
43,10.04732894897461,3.85
44,10.04732894897461,3.91
45,10.116348028182983,4.45
46,10.116348028182983,4.45
47,10.16679310798645,4.96
48,10.16679310798645,4.96
49,10.21900200843811,4.96
50,10.21900200843811,4.96
51,10.270807981491089,5.51
52,10.270807981491089,5.78
53,10.323041915893555,6.04
54,10.323041915893555,6.04
55,10.387068033218384,6.48
56,10.387068033218384,6.48
57,10.438797950744629,6.71
58,10.438797950744629,6.82
59,10.490144968032837,7.23
60,10.490144968032837,7.23
61,10.566807985305786,6.97
62,10.566807985305786,7.01
63,10.616962909698486,7.23
64,10.616962909698486,7.31
65,10.670766115188599,7.77
66,10.670766115188599,10.66
67,10.728226900100708,7.98
68,10.728226900100708,8.08
69,10.78135895729065,8.18
70,10.78135895729065,8.15
71,10.837142944335938,8.26
72,10.837142944335938,8.69
73,10.902183055877686,9.91
74,10.902183055877686,9.91
75,10.953006982803345,10.47
76,10.953006982803345,10.47
77,11.065053939819336,10.47
78,11.065053939819336,10.83
79,11.115509986877441,10.83
80,11.115509986877441,10.83
81,11.16775107383728,11.17
82,11.16775107383728,11.29
83,11.219878911972046,11.84
84,11.270828008651733,12.05
85,11.270828008651733,12.05
86,11.324084997177124,12.17
87,11.324084997177124,12.27
88,11.37448501586914,12.42
89,11.434184074401855,12.6
90,11.434184074401855,12.92
91,11.484553098678589,13.24
92,11.484553098678589,13.24
93,11.5607430934906,13.55
94,11.5607430934906,13.55
95,11.614981889724731,14.08
96,11.614981889724731,14.08
97,11.676606893539429,14.39
98,11.676606893539429,13.98
99,11.727744102478027,14.21
100,11.727744102478027,14.21
101,11.828187942504883,14.6
102,11.828187942504883,16.95
103,11.888293981552124,16.95
104,11.888293981552124,17.27
105,11.954431056976318,17.27
106,11.954431056976318,18.35
107,12.006927013397217,18.35
108,12.006927013397217,17.77
109,12.061028003692627,18.13
110,12.061028003692627,18.13
111,12.11528992652893,18.78
112,12.11528992652893,18.78
113,12.200195074081421,19.07
114,12.200195074081421,18.66
115,12.254501104354858,18.67
116,12.310601949691772,18.94
117,12.310601949691772,19.16
118,12.364727973937988,19.48
119,12.418613910675049,19.48
120,12.418613910675049,19.48
121,12.468843936920166,19.78
122,12.468843936920166,19.78
123,12.564533948898315,20.15
124,12.564533948898315,20.15
125,12.624736070632935,20.78
126,12.624736070632935,20.78
127,12.676656007766724,20.88
128,12.676656007766724,21.16
129,12.729018926620483,21.16
130,12.729018926620483,21.16
131,12.780081987380981,21.32
132,12.780081987380981,21.32
133,12.83607006072998,21.55
134,12.83607006072998,22.18
135,12.887372016906738,22.18
136,12.887372016906738,22.6
137,12.994100093841553,22.72
138,12.994100093841553,22.98
139,13.045964002609253,23.32
140,13.045964002609253,23.41
141,13.098188877105713,23.41
142,13.098188877105713,23.51
143,13.165361881256104,23.15
144,13.165361881256104,23.15
145,13.217641115188599,23.09
146,13.217641115188599,23.09
147,13.268320083618164,23.8
148,13.268320083618164,23.8
149,13.321775913238525,23.98
150,13.321775913238525,23.98
151,13.39027190208435,23.39
152,13.39027190208435,23.39
153,13.44102692604065,23.89
154,13.44102692604065,23.89
155,13.527930974960327,24.22
156,13.527930974960327,24.22
157,13.586976051330566,24.22
158,13.586976051330566,23.9
159,13.649585008621216,24.23
160,13.649585008621216,24.12
161,13.704761028289795,24.62
162,13.756898880004883,24.87
163,13.756898880004883,24.87
164,13.812051057815552,24.6
165,13.812051057815552,24.82
166,13.865262985229492,24.76
167,13.91734504699707,24.68
168,13.967797994613647,24.84
169,13.967797994613647,24.84
170,14.025053024291992,24.96
171,14.087410926818848,25.26
172,14.087410926818848,25.14
173,14.138766050338745,25.23
174,14.138766050338745,25.15
175,14.203404903411865,25.96
176,14.203404903411865,25.51
177,14.257942914962769,25.58
178,14.311600923538208,25.62
179,14.362106084823608,25.69
180,14.362106084823608,25.69
181,14.417387008666992,25.76
182,14.417387008666992,25.76
183,14.478386878967285,26.07
184,14.478386878967285,26.33
185,14.553657054901123,26.58
186,14.553657054901123,26.58
187,14.606586933135986,26.98
188,14.606586933135986,26.98
189,14.66424298286438,27.29
190,14.66424298286438,27.29
191,14.714977979660034,27.07
192,14.714977979660034,27.23
193,14.766922950744629,27.56
194,14.766922950744629,27.56
195,14.822170972824097,27.75
196,14.822170972824097,27.75
197,14.874176979064941,27.75
198,14.874176979064941,29.78
199,14.93141508102417,29.78
200,14.93141508102417,29.78
201,14.983695983886719,29.85
202,15.034271001815796,30.25
203,15.087857007980347,30.39
204,15.138200998306274,30.39
205,15.138200998306274,30.39
206,15.188910007476807,30.6
207,15.244477033615112,31.31
208,15.244477033615112,31.31
209,15.298896074295044,31.12
210,15.298896074295044,31.27
211,15.433837890625,31.79
212,15.433837890625,31.79
213,15.48921799659729,31.73
214,15.540327072143555,31.73
215,15.598426103591919,33.02
216,15.598426103591919,32.95
217,15.651832103729248,33.35
218,15.651832103729248,33.35
219,15.7082359790802,33.31
220,15.794600009918213,33.69
221,15.794600009918213,33.69
222,15.87043309211731,33.56
223,15.87043309211731,33.12
224,15.923641920089722,33.55
225,15.977199077606201,33.7
226,15.977199077606201,33.7
227,16.035001039505005,34.07
228,16.096271991729736,33.95
229,16.14834499359131,34.07
230,16.20213007926941,34.61
231,16.20213007926941,34.61
232,16.254921913146973,34.78
233,16.254921913146973,35.14
234,16.307610988616943,35.06
235,16.307610988616943,35.03
236,16.427422046661377,35.19
237,16.427422046661377,35.14
238,16.47783899307251,35.37
239,16.47783899307251,35.37
240,16.53046202659607,35.43
241,16.53046202659607,35.38
242,16.584700107574463,35.72
243,16.63744592666626,35.27
244,16.63744592666626,35.27
245,16.70825505256653,35.57
246,16.70825505256653,35.57
247,16.760812044143677,35.57
248,16.81188201904297,41.46
249,16.81188201904297,41.47
250,16.86431097984314,40.82
251,16.86431097984314,38.77
252,16.923927068710327,38.77
253,16.923927068710327,39.2
254,16.985687017440796,39.32
255,16.985687017440796,39.05
256,17.050225973129272,39.57
257,17.050225973129272,38.81
258,17.111597061157227,38.81
259,17.111597061157227,39.29
260,17.174508094787598,39.61
261,17.174508094787598,39.21
262,17.224584102630615,39.84
263,17.224584102630615,39.79
264,17.27871799468994,39.9
265,17.27871799468994,39.67
266,17.345221042633057,39.86
267,17.345221042633057,39.86
268,17.405329942703247,39.26
269,17.405329942703247,39.85
270,17.45563006401062,39.7
271,17.45563006401062,39.65
272,17.568574905395508,39.86
273,17.568574905395508,39.86
274,17.63779306411743,39.86
275,17.63779306411743,40.27
276,17.694092988967896,40.27
277,17.694092988967896,41.3
278,17.749577045440674,40.55
279,17.749577045440674,40.55
280,17.80121898651123,40.55
281,17.80121898651123,40.55
282,17.8526508808136,40.55
283,17.8526508808136,40.55
284,17.9096999168396,39.13
285,17.9096999168396,39.13
286,17.975831031799316,39.13
287,17.975831031799316,39.13
288,18.03272795677185,39.61
289,18.03272795677185,39.61
290,18.084179878234863,40.05
291,18.084179878234863,40.05
292,18.134536027908325,40.05
293,18.134536027908325,40.05
294,18.198179960250854,38.52
295,18.198179960250854,38.52
296,18.252837896347046,38.52
297,18.252837896347046,38.52
298,18.322221994400024,38.52
299,18.322221994400024,39.27
300,18.381378889083862,39.27
301,18.381378889083862,39.27
302,18.431386947631836,38.7
303,18.431386947631836,38.58
304,18.486310958862305,38.31
305,18.486310958862305,38.31
306,18.539386987686157,38.5
307,18.539386987686157,38.5
308,18.590471982955933,38.5
309,18.590471982955933,38.5
310,18.641814947128296,37.55
311,18.641814947128296,37.55
312,18.697777032852173,36.78
313,18.697777032852173,36.78
314,18.75507092475891,36.78
315,18.75507092475891,36.78
316,18.80808711051941,36.49
317,18.80808711051941,36.49
318,18.85980796813965,36.42
319,18.85980796813965,36.42
320,18.91254496574402,36.56
321,18.91254496574402,36.56
322,19.10664391517639,26.94
323,19.10664391517639,36.17
324,19.409199953079224,23.47
325,19.409199953079224,28.56
326,19.462317943572998,28.56
327,19.462317943572998,28.56
328,19.51517391204834,28.56
329,19.51517391204834,28.56
330,19.57047390937805,22.31
331,19.57047390937805,22.31
332,19.622257947921753,29.05
333,19.622257947921753,29.05
334,19.674118995666504,29.05
335,19.674118995666504,29.05
336,19.73877191543579,28.08
337,19.73877191543579,28.08
338,19.79162287712097,28.08
339,19.79162287712097,28.08
340,19.853394985198975,27.59
341,19.853394985198975,27.59
342,19.91915202140808,27.96
343,19.91915202140808,27.36
344,19.977696895599365,27.36
345,19.977696895599365,27.36
346,20.03000497817993,26.5
347,20.0800940990448,26.19
348,20.132569074630737,26.19
349,20.132569074630737,26.19
350,20.183199882507324,28.08
351,20.183199882507324,28.08
352,20.236232042312622,28.08
353,20.236232042312622,28.08
354,20.293797969818115,20.32
355,20.293797969818115,20.32
356,20.3623309135437,28.5
357,20.3623309135437,27.37
358,20.41458797454834,27.37
359,20.41458797454834,27.37
360,20.49046802520752,16.78
361,20.49046802520752,27.56
362,20.542418956756592,27.53
363,20.542418956756592,27.53
364,20.594374895095825,27.53
365,20.594374895095825,27.53
366,20.65616798400879,20.07
367,20.65616798400879,28.49
368,20.724059104919434,28.49
369,20.784346103668213,27.65
370,20.784346103668213,27.65
371,20.836244106292725,27.65
372,20.836244106292725,27.43
373,20.888406991958618,27.43
374,20.888406991958618,27.43
375,20.941126108169556,28.17
376,20.941126108169556,28.17
377,21.015578985214233,27.44
378,21.015578985214233,27.44
379,21.067909002304077,27.44
380,21.067909002304077,28.69
381,21.118138074874878,28.69
382,21.174761056900024,28.69
383,21.174761056900024,28.69
384,21.225271940231323,28.69
385,21.225271940231323,26.88
386,21.328726053237915,25.17
387,21.380444049835205,27.12
388,21.380444049835205,26.94
389,21.44185996055603,27.02
390,21.44185996055603,27.02
391,21.508769035339355,26.35
392,21.508769035339355,26.35
393,21.560379028320312,26.31
394,21.560379028320312,26.31
395,21.618782997131348,27.75
396,21.618782997131348,26.47
397,21.672708988189697,23.66
398,21.672708988189697,23.52
399,21.742856979370117,24.28
400,21.7935950756073,24.27
401,21.7935950756073,23.63
402,21.847196102142334,23.63
403,21.847196102142334,23.29
404,21.89906096458435,20.68
405,21.89906096458435,20.16
406,21.951255083084106,19.94
407,21.951255083084106,19.94
408,22.046443939208984,19.94
409,22.046443939208984,19.94
410,22.106224060058594,18.57
411,22.106224060058594,18.57
412,22.158775091171265,18.33
413,22.158775091171265,18.41
414,22.216765880584717,18.41
415,22.216765880584717,18.41
416,22.269721031188965,17.97
417,22.269721031188965,19.34
418,22.32091498374939,19.34
419,22.381876945495605,19.13
420,22.381876945495605,18.15
421,22.432163953781128,18.15
422,22.432163953781128,18.15
423,22.48308300971985,18.68
424,22.48308300971985,18.32
425,22.5344660282135,17.28
426,22.584927082061768,17.28
427,22.63496708869934,17.99
428,22.63496708869934,17.99
429,22.68818688392639,17.44
430,22.68818688392639,17.64
431,22.740005016326904,17.49
432,22.794661045074463,17.25
433,22.794661045074463,17.18
434,22.8476300239563,17.18
435,22.89774489402771,17.36
436,22.89774489402771,17.45
437,22.95463490486145,17.02
438,22.95463490486145,16.88
439,23.02515697479248,16.41
440,23.02515697479248,16.41
441,23.078893899917603,16.29
442,23.078893899917603,16.8
443,23.134825944900513,15.4
444,23.134825944900513,15.07
445,23.20465397834778,15.07
446,23.20465397834778,16.03
447,23.25673007965088,15.7
448,23.25673007965088,15.7
449,23.360508918762207,15.54
450,23.360508918762207,14.5
451,23.410990953445435,15.04
452,23.410990953445435,14.07
453,23.46250295639038,13.86
454,23.46250295639038,13.86
455,23.517921924591064,14.73
456,23.517921924591064,14.29
457,23.569257974624634,14.29
458,23.62099003791809,14.49
459,23.62099003791809,14.49
460,23.7393000125885,13.86
461,23.7393000125885,13.47
462,23.80054497718811,13.07
463,23.85354709625244,12.46
464,23.85354709625244,12.25
465,23.915435075759888,12.69
466,23.915435075759888,12.69
467,23.96860909461975,12.44
468,23.96860909461975,12.44
469,24.03797197341919,12.01
470,24.03797197341919,12.01
471,24.095691919326782,12.01
472,24.095691919326782,12.01
473,24.146903038024902,12.51
474,24.146903038024902,12.42
475,24.205168962478638,10.97
476,24.205168962478638,10.97
477,24.26490592956543,11.77
478,24.26490592956543,12.07
479,24.316636085510254,12.07
480,24.316636085510254,11.07
481,24.366765022277832,10.85
482,24.366765022277832,10.85
483,24.417646884918213,11.26
484,24.417646884918213,11.26
485,24.469139099121094,11.08
486,24.469139099121094,11.64
487,24.524903059005737,10.81
488,24.524903059005737,10.9
489,24.601006984710693,10.9
490,24.65229296684265,11.12
491,24.65229296684265,10.73
492,24.77287793159485,10.73
493,24.77287793159485,10.73
494,24.823168992996216,10.99
495,24.823168992996216,10.99
496,24.875335931777954,8.78
497,24.875335931777954,9.12
498,24.9580020904541,9.05
499,24.9580020904541,9.05
500,25.01875591278076,8.93
501,25.01875591278076,8.93
502,25.071417093276978,8.73
503,25.071417093276978,8.81
504,25.133208990097046,8.6
505,25.133208990097046,8.71
506,25.191070079803467,8.58
507,25.191070079803467,8.58
508,25.24847388267517,8.65
509,25.24847388267517,8.65
510,25.299803972244263,8.63
511,25.299803972244263,8.63
512,25.388258934020996,8.73
513,25.388258934020996,8.84
514,25.43875002861023,8.85
515,25.4899640083313,8.92
516,25.4899640083313,8.92
517,25.540791988372803,9.12
518,25.540791988372803,9.12
519,25.59312105178833,9.06
520,25.59312105178833,9.06
521,25.644455909729004,9.27
522,25.644455909729004,9.27
523,25.72256088256836,9.3
524,25.72256088256836,9.15
525,25.779397010803223,9.13
526,25.779397010803223,9.31
527,25.843538999557495,9.18
528,25.843538999557495,9.33
529,25.894530057907104,9.47
530,25.894530057907104,9.49
531,25.95403289794922,9.49
532,26.03827404975891,9.71
533,26.03827404975891,9.96
534,26.09560990333557,10.01
535,26.09560990333557,10.12
536,26.152497053146362,10.3
537,26.211663961410522,10.3
538,26.267035007476807,10.36
539,26.267035007476807,10.36
540,26.321923971176147,10.64
541,26.321923971176147,10.64
542,26.389815092086792,10.62
543,26.389815092086792,10.69
544,26.442784070968628,10.9
545,26.442784070968628,10.96
546,26.49649405479431,10.96
547,26.548392057418823,11.39
548,26.548392057418823,11.39
549,26.600970029830933,11.62
550,26.734435081481934,11.44
551,26.734435081481934,12.21
552,26.7844979763031,12.21
553,26.7844979763031,12.2
554,26.842830896377563,11.75
555,26.915815114974976,12.09
556,26.96978497505188,12.09
557,27.163783073425293,12.64
558,27.163783073425293,12.64
559,27.21432900428772,12.77
560,27.21432900428772,12.77
561,27.265412092208862,12.64
562,27.265412092208862,12.64
563,27.323108911514282,12.55
564,27.414911031723022,12.58
565,27.414911031723022,12.37
566,27.470398902893066,12.61
567,27.524811029434204,12.67
568,27.524811029434204,12.84
569,27.601694107055664,13.02
570,27.601694107055664,13.02
571,27.65469002723694,13.4
572,27.65469002723694,13.4
573,27.742069959640503,13.7
574,27.742069959640503,13.92
575,27.79680299758911,14.08
576,27.79680299758911,14.32
577,27.8528470993042,14.28
578,27.911266088485718,14.98
579,27.911266088485718,14.99
580,27.97741198539734,15.33
581,27.97741198539734,15.28
582,28.029799938201904,15.56
583,28.029799938201904,15.8
584,28.08289408683777,16.47
585,28.133552074432373,16.47
586,28.18356204032898,16.76
587,28.18356204032898,16.76
588,28.23416495323181,17.22
589,28.23416495323181,17.22
590,28.28854203224182,16.96
591,28.28854203224182,17.24
592,28.362677097320557,17.49
593,28.362677097320557,17.73
594,28.413240909576416,17.73
595,28.413240909576416,17.87
596,28.470333099365234,18.2
597,28.470333099365234,18.2
598,28.520566940307617,18.4
599,28.520566940307617,18.47
600,28.57383394241333,18.56
601,28.57383394241333,18.56
602,28.62688899040222,19.01
603,28.62688899040222,19.55
604,28.67841911315918,19.55
605,28.67841911315918,19.55
606,28.732565879821777,19.81
607,28.732565879821777,19.86
608,28.78334403038025,20.2
609,28.78334403038025,20.21
610,28.836930990219116,20.49
611,28.836930990219116,20.66
612,28.88789200782776,20.66
613,28.94363808631897,20.83
614,28.94363808631897,21.23
615,28.99597191810608,21.4
616,28.99597191810608,21.4
617,29.070180892944336,21.69
618,29.070180892944336,21.69
619,29.121623992919922,22.2
620,29.121623992919922,22.47
621,29.173794984817505,22.8
622,29.173794984817505,22.52
623,29.225621938705444,22.95
624,29.225621938705444,22.95
625,29.277337074279785,23.23
626,29.277337074279785,23.23
627,29.343095064163208,23.23
628,29.343095064163208,23.59
629,29.396293878555298,23.76
630,29.396293878555298,23.75
631,29.451114892959595,23.76
632,29.503700017929077,24.11
633,29.554961919784546,24.64
634,29.607067108154297,24.64
635,29.667956113815308,24.4
636,29.667956113815308,25.04
637,29.79564595222473,24.77
638,29.846601009368896,24.77
639,29.846601009368896,25.02
640,29.89771604537964,24.63
641,29.95460605621338,24.94
642,30.02042508125305,24.93
643,30.02042508125305,25.83
644,30.130625009536743,26.27
645,30.1997549533844,26.47
646,30.1997549533844,26.47
647,30.25050401687622,26.74
648,30.25050401687622,26.88
649,30.303937911987305,26.77
650,30.303937911987305,26.77
651,30.367938995361328,27.2
652,30.367938995361328,27.2
653,30.42549705505371,27.97
654,30.42549705505371,27.9
655,30.47651195526123,27.9
656,30.52702498435974,27.86
657,30.52702498435974,27.86
658,30.579231023788452,28.81
659,30.579231023788452,28.81
660,30.62968111038208,29.81
661,30.62968111038208,29.81
662,30.74225401878357,29.64
663,30.74225401878357,29.64
664,30.8140070438385,30.59
665,30.8140070438385,30.9
666,30.871428966522217,30.9
667,30.871428966522217,29.16
668,30.923355102539062,30.54
669,30.923355102539062,29.87
670,30.97563099861145,29.74
671,30.97563099861145,29.35
672,31.02679705619812,29.51
673,31.02679705619812,29.51
674,31.079499006271362,30.2
675,31.13119101524353,30.12
676,31.13119101524353,30.63
677,31.186718940734863,31.99
678,31.186718940734863,31.76
679,31.238461017608643,32.21
680,31.238461017608643,32.04
681,31.296770095825195,32.04
682,31.296770095825195,32.56
683,31.347897052764893,31.97
684,31.347897052764893,31.97
685,31.39842391014099,31.87
686,31.39842391014099,31.87
687,31.450548887252808,31.29
688,31.450548887252808,32.28
689,31.50129199028015,32.34
690,31.50129199028015,32.05
691,31.553205966949463,32.05
692,31.553205966949463,31.63
693,31.60448908805847,33.01
694,31.60448908805847,32.62
695,31.663268089294434,32.62
696,31.663268089294434,32.62
697,31.714555978775024,32.68
698,31.714555978775024,32.09
699,31.76765489578247,31.95
700,31.76765489578247,31.95
701,31.819807052612305,31.77
702,31.819807052612305,31.67
703,31.872577905654907,28.45
704,31.872577905654907,28.27
705,31.92496395111084,28.14
706,31.92496395111084,28.14
707,31.97532892227173,28.59
708,31.97532892227173,28.59
709,32.07468891143799,29.37
710,32.07468891143799,29.37
711,32.12505793571472,29.3
712,32.12505793571472,29.53
713,32.18251395225525,29.52
714,32.18251395225525,29.32
715,32.23355197906494,29.42
716,32.23355197906494,29.56
717,32.287275075912476,29.64
718,32.287275075912476,29.39
719,32.34280800819397,30.3
720,32.34280800819397,27.52
721,32.395039081573486,27.29
722,32.45147895812988,26.27
723,32.45147895812988,26.27
724,32.51171803474426,26.34
725,32.51171803474426,26.31
726,32.56238889694214,26.31
727,32.56238889694214,26.21
728,32.61797595024109,25.95
729,32.61797595024109,25.66
730,32.67157006263733,25.48
731,32.67157006263733,25.48
732,32.72331094741821,26.08
733,32.72331094741821,26.47
734,32.7830069065094,26.47
735,32.833054065704346,25.83
736,32.833054065704346,25.83
737,32.88309693336487,25.53
738,32.88309693336487,38.57
739,32.94130492210388,39.76
740,32.94130492210388,39.76
741,32.99423599243164,39.25
742,32.99423599243164,39.69
743,33.0462920665741,39.62
744,33.0462920665741,39.62
745,33.098315954208374,39.75
746,33.15219688415527,39.45
747,33.15219688415527,39.45
748,33.203413009643555,38.58
749,33.269349098205566,37.96
750,33.269349098205566,37.96
751,33.32044696807861,38.01
752,33.32044696807861,38.01
753,33.370479106903076,37.47
754,33.370479106903076,38.51
755,33.42192888259888,38.83
756,33.42192888259888,38.83
757,33.47874188423157,38.72
758,33.47874188423157,38.69
759,33.54197311401367,39.6
760,33.54197311401367,39.07
761,33.59447002410889,38.43
762,33.59447002410889,38.43
763,33.66469407081604,38.07
764,33.66469407081604,38.07
765,33.73116993904114,38.37
766,33.73116993904114,37.87
767,33.78746700286865,37.7
768,33.78746700286865,37.7
769,33.843178033828735,37.1
770,33.843178033828735,37.1
771,33.90565896034241,34.38
772,33.90565896034241,34.38
773,33.95882606506348,34.53
774,33.95882606506348,34.53
775,34.01084303855896,34.46
776,34.01084303855896,34.73
777,34.06891393661499,34.34
778,34.06891393661499,34.19
779,34.1205370426178,34.84
780,34.172194957733154,34.75
781,34.228315114974976,34.58
782,34.228315114974976,34.58
783,34.29030895233154,34.6
784,34.29030895233154,34.6
785,34.36768388748169,34.84
786,34.36768388748169,34.84
787,34.419909954071045,34.46
788,34.419909954071045,34.24
789,34.470088958740234,35.71
790,34.524008989334106,35.56
791,34.524008989334106,34.68
792,34.577574014663696,34.13
793,34.577574014663696,34.13
794,34.63338494300842,33.31
795,34.63338494300842,33.31
796,34.69496297836304,32.46
797,34.69496297836304,32.46
798,34.746098041534424,32.37
799,34.746098041534424,32.37
800,34.79735708236694,33.9
801,34.79735708236694,34.72
802,34.857675075531006,34.95
803,34.857675075531006,34.95
804,34.90864896774292,36.34
805,34.90864896774292,36.08
806,34.98583102226257,36.02
807,34.98583102226257,36.02
808,35.09806704521179,36.01
809,35.09806704521179,36.01
810,35.18016004562378,34.96
811,35.24223303794861,34.78
812,35.24223303794861,34.78
813,41.814992904663086,29.56
814,41.814992904663086,29.56
815,41.86648392677307,29.56
816,41.86648392677307,29.56
817,41.970776081085205,29.0
818,41.970776081085205,28.69
819,42.02225089073181,28.56
820,42.02225089073181,28.56
821,42.07249093055725,27.73
822,42.07249093055725,27.73
823,42.12598705291748,27.73
824,42.12598705291748,27.81
825,42.17792797088623,27.81
826,42.17792797088623,27.61
827,42.23150300979614,27.43
828,42.23150300979614,27.08
829,42.29171800613403,27.08
830,42.29171800613403,26.79
831,42.34257698059082,26.79
832,42.34257698059082,26.79
833,42.40267205238342,26.62
834,42.40267205238342,26.62
835,42.460304975509644,26.33
836,42.460304975509644,26.06
837,42.5113890171051,25.95
838,42.5113890171051,25.95
839,42.57603406906128,25.66
840,42.57603406906128,25.92
841,42.65040397644043,25.17
842,42.65040397644043,25.17
843,42.70534300804138,25.08
844,42.70534300804138,24.76
845,42.76395010948181,24.8
846,42.76395010948181,24.8
847,42.82277297973633,24.37
848,42.88619589805603,24.37
849,42.95432209968567,23.75
850,42.95432209968567,23.75
851,43.03742003440857,23.32
852,43.08871006965637,23.54
853,43.08871006965637,23.54
854,43.14492392539978,22.75
855,43.14492392539978,22.75
856,43.1984760761261,22.75
857,43.1984760761261,22.5
858,43.351675033569336,22.9
859,43.351675033569336,22.9
860,43.40676498413086,22.5
861,43.40676498413086,21.71
862,43.45819687843323,21.87
863,43.45819687843323,21.87
864,43.509891986846924,21.74
865,43.57487607002258,21.98
866,43.57487607002258,21.93
867,43.65044188499451,21.68
868,43.65044188499451,21.5
869,43.71016192436218,21.5
870,43.71016192436218,21.5
871,43.76300406455994,21.91
872,43.76300406455994,21.87
873,43.8173348903656,21.69
874,43.8173348903656,21.69
875,43.87147808074951,23.95
876,43.87147808074951,23.87
877,43.927006006240845,23.87
878,43.927006006240845,22.85
879,43.97813701629639,22.73
880,44.03170609474182,23.26
881,44.083208084106445,23.26
882,44.083208084106445,22.97
883,44.134196043014526,22.8
884,44.134196043014526,21.98
885,44.18740391731262,22.29
886,44.18740391731262,22.29
887,44.2388129234314,22.0
888,44.2388129234314,21.58
889,44.31423091888428,21.58
890,44.31423091888428,21.58
891,44.36535906791687,21.29
892,44.36535906791687,21.44
893,44.418067932128906,21.57
894,44.418067932128906,21.33
895,44.470365047454834,21.53
896,44.470365047454834,21.53
897,44.52252507209778,21.63
898,44.52252507209778,21.52
899,44.57376503944397,21.6
900,44.57376503944397,22.21
901,44.62429690361023,21.62
902,44.62429690361023,22.61
903,44.674813985824585,21.71
904,44.674813985824585,22.0
905,44.72643494606018,21.61
906,44.72643494606018,22.15
907,44.777647972106934,22.15
908,44.82933807373047,21.73
909,44.82933807373047,22.26
910,44.88027095794678,24.06
911,44.88027095794678,23.37
912,44.97463393211365,23.66
913,44.97463393211365,23.66
914,45.025733947753906,23.9
915,45.025733947753906,23.9
916,45.096160888671875,24.15
917,45.096160888671875,24.15
918,45.153239011764526,24.45
919,45.153239011764526,24.45
920,45.20704007148743,23.94
921,45.20704007148743,23.62
922,45.29159998893738,23.89
923,45.29159998893738,23.89
924,45.343080043792725,24.08
925,45.343080043792725,24.08
926,45.40006399154663,24.84
927,45.40006399154663,24.84
928,45.451777935028076,24.66
929,45.451777935028076,24.78
930,45.50452494621277,24.71
931,45.50452494621277,24.71
932,45.56028389930725,26.3
933,45.56028389930725,26.3
934,45.616722106933594,26.33
935,45.616722106933594,26.65
936,45.669347047805786,26.24
937,45.669347047805786,26.49
938,45.723942041397095,26.49
939,45.723942041397095,26.24
940,45.78396201133728,26.51
941,45.78396201133728,26.51
942,45.83710598945618,27.38
943,45.83710598945618,26.92
944,45.89132499694824,27.87
945,46.05498695373535,27.7
946,46.05498695373535,28.27
947,46.10730791091919,28.27
948,46.1587769985199,28.33
949,46.1587769985199,28.38
950,46.21204996109009,28.42
951,46.31236004829407,29.8
952,46.31236004829407,29.8
953,46.3659451007843,29.89
954,46.3659451007843,30.3
955,46.42985510826111,30.3
956,46.50812005996704,29.31
957,46.50812005996704,29.69
958,46.56428098678589,29.94
959,46.56428098678589,29.94
960,46.65084791183472,30.32
961,46.65084791183472,30.63
962,46.702744007110596,30.69
963,46.702744007110596,31.69
964,46.75585198402405,32.01
965,46.75585198402405,32.01
966,46.81521201133728,32.09
967,46.81521201133728,32.09
968,46.866822957992554,32.98
969,46.866822957992554,32.76
970,46.91820502281189,33.2
971,46.91820502281189,33.2
972,47.01602602005005,33.47
973,47.01602602005005,33.32
974,47.06834602355957,33.48
975,47.06834602355957,34.01
976,47.12152910232544,33.94
977,47.12152910232544,33.94
978,47.177436113357544,34.59
979,47.177436113357544,34.59
980,47.22797393798828,34.8
981,47.22797393798828,34.8
982,47.280174016952515,34.91
983,47.280174016952515,34.91
984,47.37884998321533,35.16
985,47.37884998321533,35.16
986,47.42951798439026,35.16
987,47.42951798439026,35.36
988,47.47958493232727,35.49
989,47.47958493232727,35.49
990,47.530421018600464,35.43
991,47.530421018600464,35.37
992,47.591415882110596,35.75
993,47.6542649269104,36.3
994,47.6542649269104,36.3
995,47.74999690055847,35.82
996,47.74999690055847,36.55
997,47.80198788642883,36.95
998,47.80198788642883,36.95
999,47.85464596748352,37.27
1000,47.85464596748352,37.27
1001,47.907026052474976,38.74
1002,47.907026052474976,38.74
1003,47.96357488632202,37.86
1004,47.96357488632202,37.86
1005,48.087685108184814,39.32
1006,48.087685108184814,39.32
1007,48.16872310638428,39.32
1008,48.16872310638428,38.87
1009,48.23659896850586,39.03
1010,48.23659896850586,39.03
1011,48.29145908355713,39.71
1012,48.29145908355713,39.41
1013,48.345717906951904,39.4
1014,48.345717906951904,39.62
1015,48.396904945373535,39.81
1016,48.48485994338989,40.35
1017,48.48485994338989,40.47
1018,48.57956099510193,40.94
1019,48.57956099510193,40.94
1020,48.68797588348389,40.24
1021,48.73847007751465,40.09
1022,48.78908705711365,39.94
1023,48.78908705711365,40.82
1024,48.84859609603882,40.82
1025,48.84859609603882,40.82
1026,48.904566049575806,41.2
1027,48.99225902557373,40.14
1028,49.064687967300415,40.14
1029,49.11838102340698,40.45
1030,49.11838102340698,40.19
1031,49.16870999336243,40.19
1032,49.16870999336243,40.34
1033,49.219907999038696,40.75
1034,49.219907999038696,39.53
1035,49.284722089767456,39.53
1036,49.284722089767456,39.53
1037,49.34047889709473,39.62
1038,49.34047889709473,39.62
1039,49.394120931625366,39.82
1040,49.394120931625366,39.87
1041,49.44516706466675,39.87
1042,49.496663093566895,39.85
1043,49.496663093566895,39.85
1044,49.573062896728516,39.01
1045,49.573062896728516,39.01
1046,49.625133991241455,39.49
1047,49.625133991241455,39.07
1048,49.67835092544556,38.88
1049,49.67835092544556,39.04
1050,49.73752498626709,38.92
1051,49.73752498626709,38.92
1052,49.80160999298096,38.92
1053,49.854296922683716,39.06
1054,49.90505003929138,39.18
1055,49.95723605155945,39.22
1056,50.0092830657959,39.28
1057,50.06184411048889,38.42
1058,50.06184411048889,38.42
1059,50.181082010269165,37.72
1060,50.181082010269165,38.03
1061,50.23301601409912,37.24
1062,50.23301601409912,37.24
1063,50.283644914627075,37.24
1064,50.335241079330444,36.37
1065,50.335241079330444,35.86
1066,50.38836097717285,35.94
1067,50.38836097717285,35.94
1068,50.439470052719116,35.61
1069,50.48997211456299,35.61
1070,50.54049205780029,34.69
1071,50.59114193916321,35.07
1072,50.59114193916321,35.07
1073,50.64136290550232,34.57
1074,50.64136290550232,34.33
1075,50.69163703918457,33.89
1076,50.69163703918457,33.89
1077,50.767359018325806,33.7
1078,50.767359018325806,34.09
1079,50.82037806510925,37.03
1080,50.82037806510925,37.27
1081,50.873451948165894,37.27
1082,50.93520903587341,29.67
1083,50.93520903587341,29.8
1084,50.98660707473755,29.64
1085,50.98660707473755,29.64
1086,51.11912703514099,29.66
1087,51.11912703514099,29.66
1088,51.1704421043396,29.22
1089,51.1704421043396,29.06
1090,51.22700905799866,29.06
1091,51.22700905799866,29.06
1092,51.287018060684204,27.84
1093,51.34043097496033,27.74
1094,51.34043097496033,27.65
1095,51.39119601249695,27.23
1096,51.39119601249695,27.23
1097,51.45930290222168,27.43
1098,51.45930290222168,27.67
1099,51.516804933547974,27.53
1100,51.516804933547974,28.09
1101,51.57813906669617,28.09
1102,51.57813906669617,27.09
1103,51.641666889190674,27.09
1104,51.641666889190674,27.46
1105,51.697556018829346,26.61
1106,51.697556018829346,27.02
1107,51.7971510887146,26.71
1108,51.7971510887146,26.71
1109,51.849782943725586,23.75
1110,51.849782943725586,25.15
1111,51.90127396583557,25.24
1112,51.90127396583557,25.24
1113,51.9522008895874,25.45
1114,51.9522008895874,25.16
1115,52.00269794464111,25.16
1116,52.054543018341064,24.1
1117,52.054543018341064,24.1
1118,52.1396598815918,24.05
1119,52.1396598815918,24.07
1120,52.190221071243286,24.15
1121,52.190221071243286,24.79
1122,52.245084047317505,24.79
1123,52.245084047317505,24.79
1124,52.29680299758911,24.79
1125,52.29680299758911,24.79
1126,52.3487811088562,24.27
1127,52.3487811088562,24.27
1128,52.400798082351685,23.38
1129,52.400798082351685,23.38
1130,52.456170082092285,23.31
1131,52.456170082092285,23.31
1132,52.51209902763367,23.61
1133,52.51209902763367,23.46
1134,52.56305503845215,23.46
1135,52.56305503845215,22.6
1136,52.61608910560608,22.93
1137,52.61608910560608,22.93
1138,52.67147397994995,23.07
1139,52.67147397994995,22.67
1140,52.72214698791504,22.81
1141,52.72214698791504,22.46
1142,52.777246952056885,22.58
1143,52.777246952056885,23.13
1144,52.86029005050659,23.13
1145,52.86029005050659,22.96
1146,52.91700100898743,23.25
1147,52.91700100898743,23.12
1148,52.967243909835815,23.25
1149,53.01729893684387,23.36
1150,53.01729893684387,23.36
1151,53.09814405441284,22.69
1152,53.09814405441284,23.1
1153,53.153846979141235,23.1
1154,53.153846979141235,22.66
1155,53.20537209510803,22.8
1156,53.25699210166931,23.56
1157,53.25699210166931,23.56
1158,53.3086359500885,23.64
1159,53.3086359500885,23.94
1160,53.360722064971924,23.33
1161,53.360722064971924,23.33
1162,53.414880990982056,23.62
1163,53.414880990982056,23.62
1164,53.471709966659546,23.21
1165,53.471709966659546,23.21
1166,53.632121086120605,23.25
1167,53.632121086120605,23.08
1168,53.68215608596802,23.28
1169,53.68215608596802,22.93
1170,53.734174966812134,22.59
1171,53.789517879486084,22.61
1172,53.789517879486084,22.61
1173,53.843924045562744,23.09
1174,53.843924045562744,23.09
1175,53.90738010406494,24.29
1176,53.90738010406494,23.58
1177,53.9610230922699,24.08
1178,53.9610230922699,24.25
1179,54.01894807815552,23.98
1180,54.01894807815552,23.98
1181,54.07010889053345,24.02
1182,54.07010889053345,24.02
1183,54.130040884017944,23.15
1184,54.130040884017944,23.67
1185,54.18723106384277,24.09
1186,54.18723106384277,24.09
1187,54.27123188972473,23.95
1188,54.27123188972473,23.95
1189,54.33481693267822,23.59
1190,54.33481693267822,23.59
1191,54.39000201225281,23.59
1192,54.39000201225281,23.59
1193,54.44213104248047,17.24
1194,54.44213104248047,17.24
1195,54.49394392967224,16.33
1196,54.49394392967224,16.35
1197,54.556036949157715,16.14
1198,54.556036949157715,16.22
1199,54.606667041778564,16.22
1200,54.606667041778564,16.02
1201,54.65875196456909,15.86
1202,54.65875196456909,15.86
1203,54.724623918533325,15.54
1204,54.724623918533325,15.54
1205,54.77910399436951,15.54
1206,54.77910399436951,15.89
1207,54.831993103027344,17.41
1208,54.831993103027344,17.41
1209,54.89758801460266,17.18
1210,54.89758801460266,17.61
1211,54.95002198219299,18.38
1212,54.95002198219299,18.38
1213,55.000962018966675,18.49
1214,55.000962018966675,18.49
1215,55.051876068115234,18.33
1216,55.051876068115234,18.33
1217,55.2484130859375,19.48
1218,55.2484130859375,19.48
1219,55.304567098617554,19.3
1220,55.304567098617554,19.3
1221,55.35676407814026,19.54
1222,55.35676407814026,19.54
1223,55.42257595062256,19.98
1224,55.42257595062256,19.98
1225,55.474730014801025,19.71
1226,55.474730014801025,19.71
1227,55.52642607688904,19.84
1228,55.52642607688904,19.84
1229,55.57685089111328,18.47
1230,55.57685089111328,20.24
1231,55.62805700302124,20.24
1232,55.62805700302124,20.98
1233,55.68249988555908,20.64
1234,55.740355014801025,20.75
1235,55.740355014801025,21.31
1236,55.796319007873535,21.31
1237,55.796319007873535,21.31
1238,55.85279703140259,21.19
1239,55.85279703140259,21.19
1240,55.92966604232788,21.98
1241,55.92966604232788,22.08
1242,55.98254990577698,22.49
1243,55.98254990577698,22.49
1244,56.03339910507202,22.5
1245,56.03339910507202,22.5
1246,56.095577001571655,22.67
1247,56.095577001571655,23.48
1248,56.24844002723694,22.91
1249,56.24844002723694,23.06
1250,56.30536603927612,23.07
1251,56.30536603927612,23.12
1252,56.357537031173706,23.18
1253,56.357537031173706,23.0
1254,56.410521030426025,23.43
1255,56.410521030426025,23.43
1256,56.53333806991577,23.58
1257,56.53333806991577,24.55
1258,56.598280906677246,24.16
1259,56.598280906677246,24.04
1260,56.64982008934021,24.11
1261,56.64982008934021,24.57
1262,56.70069909095764,24.57
1263,56.75179600715637,24.72
1264,56.75179600715637,24.72
1265,56.803070068359375,27.09
1266,56.803070068359375,27.09
1267,56.855660915374756,28.47
1268,56.855660915374756,28.47
1269,56.92660689353943,30.09
1270,56.98121500015259,30.57
1271,57.03372597694397,30.54
1272,57.03372597694397,30.47
1273,57.08716011047363,30.59
1274,57.13818097114563,30.57
1275,57.13818097114563,30.57
1276,57.22144603729248,30.65
1277,57.22144603729248,30.65
1278,57.28130602836609,31.07
1279,57.28130602836609,31.04
1280,57.33352494239807,31.06
1281,57.33352494239807,31.06
1282,57.393332958221436,31.11
1283,57.393332958221436,31.11
1284,57.444467067718506,31.0
1285,57.444467067718506,31.0
1286,57.51547694206238,30.99
1287,57.51547694206238,31.3
1288,57.56692910194397,31.23
1289,57.56692910194397,31.23
1290,57.6320641040802,31.1
1291,57.6320641040802,31.1
1292,57.68501400947571,31.45
1293,57.68501400947571,31.45
1294,57.738219022750854,32.14
1295,57.738219022750854,32.14
1296,57.798227071762085,32.37
1297,57.798227071762085,32.37
1298,57.8506920337677,32.84
1299,57.8506920337677,32.84
1300,57.90073490142822,33.0
1301,57.90073490142822,33.0
1302,57.95096206665039,32.97
1303,57.95096206665039,32.97
1304,58.008930921554565,32.7
1305,58.067343950271606,32.7
1306,58.067343950271606,32.7
1307,58.11771106719971,32.33
1308,58.19381403923035,32.33
1309,58.19381403923035,32.22
1310,58.244460105895996,32.02
1311,58.29634499549866,32.02
1312,58.29634499549866,32.02
1313,58.346668004989624,32.29
1314,58.346668004989624,32.29
1315,58.398475885391235,32.17
1316,58.398475885391235,32.17
1317,58.44942808151245,32.04
1318,58.44942808151245,32.04
1319,58.50401711463928,31.3
1320,58.50401711463928,31.3
1321,58.577836990356445,31.71
1322,58.577836990356445,31.71
1323,58.63006806373596,31.71
1324,58.68209791183472,31.72
1325,58.68209791183472,31.72
1326,58.73286509513855,31.79
1327,58.73286509513855,32.15
1328,58.78316807746887,32.15
1329,58.78316807746887,33.22
1330,58.83640909194946,32.22
1331,58.83640909194946,32.22
1332,58.88745307922363,33.18
1333,58.88745307922363,33.18
1334,58.93973708152771,39.65
1335,58.93973708152771,39.65
1336,59.01256203651428,39.16
1337,59.01256203651428,39.28
1338,59.06390905380249,39.28
1339,59.06390905380249,39.88
1340,59.115334033966064,39.57
1341,59.115334033966064,40.2
1342,59.19718408584595,40.15
1343,59.249160051345825,39.86
1344,59.249160051345825,35.67
1345,59.305335998535156,35.78
1346,59.35640597343445,35.5
1347,59.35640597343445,35.5
1348,59.407474994659424,34.74
1349,59.407474994659424,34.66
1350,59.45913100242615,34.66
1351,59.45913100242615,34.66
1352,59.51258301734924,34.66
1353,59.51258301734924,35.88
1354,59.57301998138428,35.37
1355,59.62461495399475,35.32
1356,59.62461495399475,35.32
1357,59.67681002616882,35.7
1358,59.67681002616882,35.7
1359,59.764787912368774,35.6
1360,59.764787912368774,35.6
1361,59.97699689865112,36.4
1362,59.97699689865112,36.4
1363,60.03816890716553,37.05
1364,60.03816890716553,37.16
1365,60.09782791137695,37.16
1366,60.09782791137695,36.77
1367,60.23770809173584,37.28
1368,60.23770809173584,37.28
1369,60.291996002197266,37.99
1370,60.291996002197266,37.99
1371,60.34417390823364,38.15
1372,60.34417390823364,38.15
1373,60.39431095123291,38.95
1374,60.44732189178467,38.27
1375,60.44732189178467,38.27
1376,60.53695893287659,38.94
1377,60.53695893287659,39.67
1378,60.62327003479004,39.83
1379,60.62327003479004,39.83
1380,60.68853497505188,39.54
1381,60.68853497505188,39.54
1382,60.739758014678955,39.75
1383,60.739758014678955,39.9
1384,60.790493965148926,39.51
1385,60.790493965148926,39.51
1386,60.84281897544861,39.78
1387,60.84281897544861,39.78
1388,60.907317876815796,39.2
1389,60.907317876815796,39.2
1390,60.95869493484497,39.42
1391,60.95869493484497,39.42
1392,61.031805992126465,39.63
1393,61.031805992126465,39.63
1394,61.083264112472534,41.1
1395,61.083264112472534,40.89
1396,61.14259910583496,40.87
1397,61.14259910583496,40.87
1398,61.19781494140625,41.0
1399,61.19781494140625,41.0
1400,61.250231981277466,41.82
1401,61.250231981277466,41.82
1402,61.30383110046387,41.82
1403,61.30383110046387,41.82
1404,61.37116003036499,41.67
1405,61.37116003036499,41.67
1406,61.432790994644165,41.88
1407,61.432790994644165,42.22
1408,61.55787396430969,42.91
1409,61.55787396430969,42.91
1410,61.61125206947327,43.28
1411,61.61125206947327,43.09
1412,61.66381096839905,42.42
1413,61.66381096839905,42.42
1414,61.71434497833252,43.77
1415,61.71434497833252,43.77
1416,61.76434588432312,43.68
1417,61.90639591217041,44.86
1418,61.90639591217041,44.91
1419,61.95927906036377,43.2
1420,61.95927906036377,43.2
1421,62.01239204406738,43.2
1422,62.01239204406738,43.2
1423,62.11873006820679,43.77
1424,62.180453062057495,43.77
1425,62.180453062057495,43.52
1426,62.234304904937744,43.37
1427,62.234304904937744,43.37
1428,62.285409927368164,43.36
1429,62.33852410316467,43.07
1430,62.39464497566223,43.07
1431,62.39464497566223,43.25
1432,62.44468307495117,43.25
1433,62.44468307495117,43.76
1434,62.50463104248047,44.64
1435,62.50463104248047,44.15
1436,62.57108497619629,44.15
1437,62.57108497619629,45.02
1438,62.623631954193115,44.56
1439,62.623631954193115,44.84
1440,62.677649974823,45.7
1441,62.677649974823,45.33
1442,62.72862696647644,45.47
1443,62.78106999397278,45.47
1444,62.83275103569031,45.38
1445,62.83275103569031,45.38
1446,62.899173974990845,45.53
1447,62.899173974990845,45.87
1448,62.94931387901306,45.76
1449,62.94931387901306,45.76
1450,62.999861001968384,45.98
1451,63.06848692893982,45.74
1452,63.06848692893982,45.72
1453,63.16950798034668,46.8
1454,63.16950798034668,46.8
1455,63.270994901657104,46.87
1456,63.270994901657104,47.12
1457,63.32174205780029,47.12
1458,63.32174205780029,46.94
1459,63.37552309036255,46.7
1460,63.37552309036255,46.7
1461,63.42739295959473,46.43
1462,63.42739295959473,46.42
1463,63.5341260433197,46.37
1464,63.5341260433197,46.37
1465,63.5868399143219,45.99
1466,63.5868399143219,45.99
1467,63.64027404785156,46.47
1468,63.64027404785156,46.49
1469,63.69342398643494,45.77
1470,63.69342398643494,45.77
1471,63.744136095047,46.12
1472,63.744136095047,46.12
1473,63.796751976013184,45.58
1474,63.796751976013184,45.58
1475,63.84758400917053,45.75
1476,63.84758400917053,45.75
1477,63.898606061935425,45.74
1478,63.898606061935425,45.51
1479,63.94901204109192,45.51
1480,63.94901204109192,45.51
1481,63.99947905540466,45.05
1482,63.99947905540466,45.05
1483,64.05320501327515,44.99
1484,64.05320501327515,44.99
1485,64.14050197601318,44.35
1486,64.14050197601318,43.2
1487,64.20938801765442,43.09
1488,64.20938801765442,43.09
1489,64.26553392410278,43.0
1490,64.26553392410278,42.93
1491,64.3166389465332,42.93
1492,64.3166389465332,42.93
1493,64.37957000732422,42.93
1494,64.37957000732422,42.93
1495,64.43188190460205,49.42
1496,64.43188190460205,50.0
1497,64.5028829574585,50.0
1498,64.5028829574585,51.11
1499,64.55489492416382,51.11
1500,64.55489492416382,51.94
1501,64.6081268787384,51.64
1502,64.6081268787384,51.64
1503,64.66098999977112,51.84
1504,64.66098999977112,51.84
1505,64.73047399520874,52.22
1506,64.73047399520874,52.22
1507,64.78805994987488,53.66
1508,64.78805994987488,53.66
1509,64.84586691856384,54.64
1510,64.84586691856384,53.65
1511,64.90042209625244,54.92
1512,64.90042209625244,54.92
1513,64.9524040222168,54.92
1514,64.9524040222168,54.4
1515,65.01432394981384,54.4
1516,65.06888604164124,53.37
1517,65.06888604164124,53.38
1518,65.12450098991394,53.12
1519,65.12450098991394,53.12
1520,65.21050000190735,53.16
1521,65.21050000190735,53.16
1522,65.27238607406616,53.56
1523,65.27238607406616,53.56
1524,65.35603189468384,54.14
1525,65.35603189468384,54.09
1526,65.40917801856995,54.46
1527,65.40917801856995,54.17
1528,65.47363305091858,53.43
1529,65.47363305091858,53.43
1530,65.52490305900574,53.42
1531,65.52490305900574,53.42
1532,65.58649802207947,53.15
1533,65.58649802207947,53.15
1534,65.63656401634216,53.15
1535,65.63656401634216,53.17
1536,65.68944001197815,53.12
1537,65.68944001197815,52.98
1538,65.742830991745,52.98
1539,65.742830991745,52.98
1540,65.80618405342102,52.81
1541,65.80618405342102,52.81
1542,65.907222032547,52.38
1543,65.907222032547,52.38
1544,65.95804905891418,48.26
1545,65.95804905891418,48.21
1546,66.00908398628235,48.21
1547,66.06078100204468,48.24
1548,66.06078100204468,48.12
1549,66.11224007606506,47.77
1550,66.11224007606506,46.89
1551,66.17234897613525,46.89
1552,66.17234897613525,46.79
1553,66.24192810058594,47.6
1554,66.24192810058594,47.41
1555,66.29374194145203,47.41
1556,66.29374194145203,47.46
1557,66.34714007377625,47.48
1558,66.34714007377625,47.48
1559,66.39870691299438,47.25
1560,66.39870691299438,47.25
1561,66.45237803459167,47.24
1562,66.45237803459167,47.24
1563,66.52030301094055,46.52
1564,66.52030301094055,46.52
1565,66.57041311264038,47.18
1566,66.62193703651428,47.08
1567,66.62193703651428,47.08
1568,66.67771100997925,46.38
1569,66.67771100997925,46.38
1570,66.73092889785767,46.29
1571,66.79375410079956,46.03
1572,66.90799808502197,43.58
1573,66.90799808502197,43.58
1574,66.96222400665283,43.58
1575,66.96222400665283,43.89
1576,67.01454091072083,44.0
1577,67.01454091072083,43.68
1578,67.06781601905823,43.77
1579,67.06781601905823,43.77
1580,67.11796498298645,43.8
1581,67.11796498298645,43.8
1582,67.1719400882721,43.97
1583,67.1719400882721,43.97
1584,67.2222170829773,44.11
1585,67.2222170829773,44.11
1586,67.27601099014282,44.16
1587,67.27601099014282,44.16
1588,67.32650589942932,44.62
1589,67.32650589942932,44.62
1590,67.37728095054626,44.58
1591,67.43262791633606,44.96
1592,67.43262791633606,44.96
1593,67.5062689781189,44.9
1594,67.5062689781189,44.9
1595,67.55749201774597,45.05
1596,67.55749201774597,45.05
1597,67.60965895652771,44.83
1598,67.60965895652771,44.83
1599,67.66381597518921,44.91
1600,67.66381597518921,44.91
1601,67.7177209854126,44.7
1602,67.7177209854126,44.7
1603,67.76908493041992,44.63
1604,67.76908493041992,44.64
1605,67.82646894454956,44.55
1606,67.82646894454956,44.91
1607,67.87937688827515,44.94
1608,67.87937688827515,45.01
1609,67.94858288764954,45.04
1610,67.94858288764954,45.04
1611,68.00109505653381,45.27
1612,68.00109505653381,45.27
1613,68.05144810676575,45.2
1614,68.05144810676575,45.17
1615,68.10416102409363,45.22
1616,68.17477107048035,45.17
1617,68.17477107048035,44.91
1618,68.2285680770874,45.2
1619,68.2285680770874,44.59
1620,68.28282809257507,44.6
1621,68.28282809257507,44.6
1622,68.33504509925842,44.6
1623,68.33504509925842,45.58
1624,68.38832402229309,44.92
1625,68.38832402229309,44.92
1626,68.43990993499756,45.63
1627,68.51040887832642,44.88
1628,68.51040887832642,44.95
1629,68.56515693664551,45.77
1630,68.56515693664551,45.96
1631,68.61868596076965,45.96
1632,68.61868596076965,46.5
1633,68.68317198753357,46.9
1634,68.68317198753357,47.69
1635,68.73704600334167,47.31
1636,68.73704600334167,47.33
1637,68.80375289916992,48.73
1638,68.80375289916992,49.24
1639,68.85623407363892,48.83
1640,68.85623407363892,49.89
1641,68.90804195404053,50.69
1642,68.90804195404053,50.69
1643,68.97006487846375,50.64
1644,68.97006487846375,50.99
1645,69.02380704879761,51.2
1646,69.02380704879761,51.67
1647,69.07906293869019,52.58
1648,69.07906293869019,52.58
1649,69.15022587776184,51.85
1650,69.15022587776184,51.85
1651,69.20145010948181,54.1
1652,69.20145010948181,54.1
1653,69.25410389900208,53.5
1654,69.25410389900208,53.5
1655,69.31335592269897,56.41
1656,69.31335592269897,57.14
1657,69.39049196243286,57.44
1658,69.39049196243286,57.44
1659,69.44268894195557,57.47
1660,69.44268894195557,58.03
1661,69.50695991516113,58.97
1662,69.50695991516113,58.97
1663,69.55770707130432,58.82
1664,69.55770707130432,58.82
1665,69.60969400405884,59.34
1666,69.66141605377197,59.57
1667,69.66141605377197,59.57
1668,69.71152091026306,60.38
1669,69.71152091026306,60.91
1670,69.7797999382019,61.11
1671,69.7797999382019,62.1
1672,69.85736989974976,61.84
1673,69.85736989974976,61.84
1674,69.91470193862915,62.42
1675,69.91470193862915,62.73
1676,69.97493004798889,63.05
1677,70.02643990516663,64.35
1678,70.08418607711792,64.68
1679,70.14292788505554,64.46
1680,70.14292788505554,64.69
1681,70.19537591934204,64.69
1682,70.19537591934204,65.4
1683,70.25054097175598,65.21
1684,70.30404090881348,65.45
1685,70.30404090881348,65.6
1686,70.35661506652832,65.59
1687,70.35661506652832,66.63
1688,70.41295194625854,66.55
1689,70.51011109352112,66.55
1690,70.51011109352112,66.52
1691,70.56223607063293,66.64
1692,70.56223607063293,66.6
1693,70.61980295181274,67.55
1694,70.61980295181274,67.55
1695,70.6710410118103,67.55
1696,70.72148704528809,69.27
1697,70.72148704528809,67.56
1698,70.77963995933533,68.82
1699,70.77963995933533,68.82
1700,70.84265089035034,70.5
1701,70.84265089035034,68.75
1702,70.8929169178009,68.32
1703,70.8929169178009,68.32
1704,70.94745111465454,69.69
1705,70.94745111465454,69.69
1706,70.9981369972229,70.28
1707,70.9981369972229,70.88
1708,71.05057001113892,71.92
1709,71.05057001113892,71.92
1710,71.10195207595825,71.24
1711,71.1824860572815,72.16
1712,71.1824860572815,72.16
1713,71.23463201522827,73.55
1714,71.23463201522827,73.55
1715,71.28648495674133,74.11
1716,71.33938598632812,74.6
1717,71.33938598632812,75.09
1718,71.39557099342346,75.22
1719,71.39557099342346,75.68
1720,71.450110912323,76.06
1721,71.52687191963196,77.17
1722,71.52687191963196,78.08
1723,71.58943700790405,78.08
1724,71.58943700790405,78.08
1725,71.64122605323792,78.28
1726,71.64122605323792,78.28
1727,71.69212198257446,78.28
1728,71.69212198257446,78.28
1729,71.74318194389343,78.28
1730,71.74318194389343,78.28
1731,71.79430294036865,78.28
1732,71.86131310462952,79.26
1733,71.86131310462952,79.26
1734,71.91892600059509,80.54
1735,71.91892600059509,80.76
1736,71.97184491157532,80.62
1737,71.97184491157532,80.62
1738,72.02215600013733,81.83
1739,72.02215600013733,81.83
1740,72.07504796981812,81.94
1741,72.12596011161804,82.41
1742,72.12596011161804,82.41
1743,72.17692804336548,82.93
1744,72.17692804336548,82.93
1745,72.2330539226532,83.55
1746,72.2330539226532,83.87
1747,72.29528999328613,83.87
1748,72.29528999328613,84.56
1749,72.35232090950012,84.87
1750,72.35232090950012,85.31
1751,72.40464210510254,85.31
1752,72.40464210510254,85.94
1753,72.45751690864563,86.17
1754,72.45751690864563,86.17
1755,72.50854992866516,86.88
1756,72.50854992866516,87.37
1757,72.56205797195435,87.58
1758,72.61241102218628,87.97
1759,72.61241102218628,88.39
1760,72.66690492630005,88.9
1761,72.66690492630005,88.9
1762,72.72233295440674,89.61
1763,72.72233295440674,90.09
1764,72.77401304244995,90.64
1765,72.77401304244995,90.64
1766,72.90469694137573,92.38
1767,72.90469694137573,92.38
1768,72.95590209960938,93.06
1769,72.95590209960938,93.23
1770,73.01576709747314,93.76
1771,73.06950402259827,94.41
1772,73.06950402259827,94.41
1773,73.12354493141174,94.41
1774,73.12354493141174,94.41
1775,73.21763110160828,97.02
1776,73.21763110160828,97.02
1777,73.26935291290283,97.45
1778,73.26935291290283,97.57
1779,73.32036399841309,97.68
1780,73.37263488769531,98.26
1781,73.42391300201416,98.94
1782,73.42391300201416,98.94
1783,73.47537207603455,99.36
1784,73.47537207603455,99.88
1785,73.53394103050232,100.36
1786,73.53394103050232,100.36
1787,73.60307598114014,101.08
1788,73.60307598114014,101.08
1789,73.6538438796997,101.87
1790,73.6538438796997,101.87
1791,73.7053849697113,102.37
1792,73.7053849697113,102.37
1793,73.77049398422241,103.3
1794,73.77049398422241,103.3
1795,73.90156292915344,103.86
1796,73.90156292915344,105.15
1797,74.00843596458435,105.66
1798,74.00843596458435,106.03
1799,74.06803703308105,106.7
1800,74.06803703308105,107.19
1801,74.15841603279114,108.06
1802,74.15841603279114,108.56
1803,74.2143280506134,107.22
1804,74.2143280506134,107.22
1805,74.28706097602844,107.22
1806,74.28706097602844,107.22
1807,74.33877205848694,107.22
1808,74.33877205848694,107.22
1809,74.39165902137756,107.22
1810,74.39165902137756,107.22
1811,74.45725798606873,107.22
1812,74.45725798606873,107.22
1813,74.51311707496643,107.22
1814,74.51311707496643,107.22
1815,74.56724810600281,107.22
1816,74.56724810600281,107.22
1817,74.62067198753357,107.22
1818,74.62067198753357,107.22
1819,74.6835629940033,107.22
1820,74.6835629940033,104.28
1821,74.73522400856018,104.28
1822,74.73522400856018,104.26
1823,74.7861099243164,104.26
1824,74.7861099243164,104.26
1825,74.90117001533508,104.26
1826,74.90117001533508,104.26
1827,74.95254898071289,104.78
1828,74.95254898071289,104.78
1829,75.0229160785675,104.78
1830,75.0229160785675,104.78
1831,75.07405495643616,104.78
1832,75.07405495643616,104.78
1833,75.13259887695312,104.78
1834,75.13259887695312,104.78
1835,75.18565392494202,104.78
1836,75.18565392494202,104.78
1837,75.23790693283081,104.78
1838,75.28895592689514,104.78
1839,75.28895592689514,104.78
1840,75.34756898880005,104.78
1841,75.40157508850098,104.78
1842,75.40157508850098,104.78
1843,75.45418500900269,104.78
1844,75.45418500900269,104.78
1845,75.50685501098633,104.78
1846,75.50685501098633,104.78
1847,75.55832505226135,104.78
1848,75.55832505226135,104.78
1849,75.60892510414124,104.78
1850,75.60892510414124,104.78
1851,75.66230607032776,104.78
1852,75.66230607032776,104.78
1853,75.7345860004425,104.78
1854,75.7345860004425,104.78
1855,75.78535509109497,104.78
1856,75.78535509109497,104.78
1857,75.84079599380493,104.78
1858,75.84079599380493,104.78
1859,75.89280700683594,104.78
1860,75.9440860748291,104.78
1861,75.9440860748291,104.78
1862,76.00084209442139,104.78
1863,76.00084209442139,104.78
1864,76.05220007896423,104.78
1865,76.05220007896423,104.78
1866,76.15087008476257,104.78
1867,76.15087008476257,104.78
1868,76.23593401908875,104.78
1869,76.23593401908875,104.78
1870,76.29032588005066,104.78
1871,76.29032588005066,104.78
1872,76.34889507293701,104.78
1873,76.34889507293701,104.78
1874,76.40936398506165,104.78
1875,76.40936398506165,104.78
1876,76.46029496192932,104.78
1877,76.46029496192932,104.78
1878,76.54968404769897,104.78
1879,76.54968404769897,104.78
1880,76.6081190109253,104.78
1881,76.65906810760498,104.78
1882,76.65906810760498,104.78
1883,76.70947909355164,104.78
1884,76.70947909355164,104.78
1885,76.76029801368713,104.78
1886,76.76029801368713,104.78
1887,76.8120059967041,104.78
1888,76.8120059967041,104.78
1889,76.86634302139282,104.78
1890,76.86634302139282,104.78
1891,76.92199206352234,104.49
1892,76.92199206352234,104.49
1893,76.97569799423218,104.49
1894,76.97569799423218,104.49
1895,77.02707099914551,104.49
1896,77.02707099914551,104.49
1897,77.08092999458313,104.49
1898,77.08092999458313,104.49
1899,77.1355049610138,104.49
1900,77.1355049610138,104.49
1901,77.2094349861145,110.68
1902,77.2094349861145,110.68
1903,77.26514601707458,147.82
1904,77.26514601707458,147.82
1905,77.31820011138916,123.44
1906,77.31820011138916,123.44
1907,77.36989402770996,118.45
1908,77.42296409606934,117.68
1909,77.42296409606934,117.68
1910,77.48124599456787,118.15
1911,77.48124599456787,118.15
1912,77.535227060318,114.68
1913,77.535227060318,114.68
1914,77.58622002601624,117.6
1915,77.58622002601624,117.6
1916,77.63921809196472,116.48
1917,77.69431591033936,117.3
1918,77.69431591033936,116.1
1919,77.74708604812622,116.1
1920,77.74708604812622,120.88
1921,77.85079503059387,118.85
1922,77.85079503059387,118.85
1923,77.93204498291016,118.31
1924,77.93204498291016,116.81
1925,77.98415803909302,117.59
1926,77.98415803909302,116.79
1927,78.03673696517944,115.9
1928,78.08798599243164,115.92
1929,78.08798599243164,115.92
1930,78.19118094444275,116.11
1931,78.24676990509033,114.8
1932,78.24676990509033,114.34
1933,78.2978720664978,114.34
1934,78.2978720664978,116.02
1935,78.35172605514526,116.25
1936,78.403559923172,116.44
1937,78.403559923172,116.44
1938,78.47976493835449,116.85
1939,78.53227090835571,116.85
1940,78.58748602867126,115.73
1941,78.58748602867126,115.73
1942,78.6377170085907,115.57
1943,78.6377170085907,115.57
1944,78.69100689888,116.08
1945,78.7583498954773,116.08
1946,78.7583498954773,115.84
1947,78.83868598937988,114.79
1948,78.9034149646759,115.15
1949,78.97106695175171,115.06
1950,78.97106695175171,115.06
1951,79.02273797988892,115.44
1952,79.02273797988892,115.44
1953,79.07569193840027,115.86
1954,79.07569193840027,115.73
1955,79.12625789642334,114.69
1956,79.12625789642334,114.69
1957,79.17771697044373,115.22
1958,79.17771697044373,115.22
1959,79.25202107429504,114.44
1960,79.25202107429504,114.35
1961,79.30351901054382,114.07
1962,79.30351901054382,114.07
1963,79.35609102249146,113.66
1964,79.35609102249146,113.5
1965,79.40856695175171,113.5
1966,79.46099305152893,113.5
1967,79.46099305152893,113.4
1968,79.51317310333252,113.21
1969,79.51317310333252,113.21
1970,79.57329797744751,112.55
1971,79.57329797744751,112.55
1972,79.62487411499023,112.2
1973,79.62487411499023,112.2
1974,79.67708992958069,112.01
1975,79.67708992958069,112.01
1976,79.73200488090515,112.21
1977,79.73200488090515,112.21
1978,79.79123497009277,113.48
1979,79.79123497009277,113.48
1980,80.24260687828064,117.69
1981,80.24260687828064,116.86
1982,80.2957329750061,116.86
1983,80.2957329750061,116.86
1984,80.40381407737732,117.2
1985,80.40381407737732,117.2
1986,80.4938600063324,117.64
1987,80.4938600063324,117.64
1988,80.54406309127808,118.26
1989,80.59463500976562,118.67
1990,80.59463500976562,119.0
1991,80.65470600128174,119.0
1992,80.70688891410828,119.35
1993,80.7584478855133,118.97
1994,80.7584478855133,118.97
1995,80.8339569568634,120.23
1996,80.8339569568634,120.23
1997,80.88737893104553,120.06
1998,80.88737893104553,120.06
1999,80.96677708625793,120.38
2000,80.96677708625793,120.38
2001,81.01960802078247,119.82
2002,81.01960802078247,119.8
2003,81.07088494300842,119.8
2004,81.07088494300842,119.8
2005,81.12303590774536,120.58
2006,81.12303590774536,120.58
2007,81.18832898139954,120.58
2008,81.18832898139954,120.58
2009,81.24211311340332,116.54
2010,81.24211311340332,116.31
2011,81.29348492622375,115.95
2012,81.29348492622375,115.95
2013,81.3446409702301,115.1
2014,81.3446409702301,114.55
2015,81.40048789978027,112.57
2016,81.40048789978027,112.57
2017,81.4753189086914,112.57
2018,81.4753189086914,112.57
2019,81.52689003944397,110.69
2020,81.5918231010437,108.75
2021,81.5918231010437,108.75
2022,81.645339012146,106.83
2023,81.69596791267395,106.83
2024,81.74970698356628,105.92
2025,81.74970698356628,105.92
2026,81.92372298240662,105.62
2027,81.92372298240662,99.64
2028,81.97469592094421,99.64
2029,81.97469592094421,99.64
2030,82.0280990600586,99.54
2031,82.0280990600586,99.26
2032,82.07893204689026,98.95
2033,82.07893204689026,98.61
2034,82.14548301696777,97.61
2035,82.14548301696777,97.61
2036,82.19968390464783,97.66
2037,82.19968390464783,96.78
2038,82.25209498405457,96.26
2039,82.25209498405457,96.26
2040,82.30421304702759,96.01
2041,82.30421304702759,95.41
2042,82.36332297325134,94.74
2043,82.36332297325134,94.74
2044,82.41450095176697,93.56
2045,82.41450095176697,93.56
2046,82.73439908027649,91.65
2047,82.73439908027649,90.69
2048,82.78643298149109,90.52
2049,82.99517893791199,87.83
2050,82.99517893791199,87.83
2051,83.09288597106934,85.5
2052,83.09288597106934,85.27
2053,83.15724301338196,84.71
2054,83.15724301338196,84.71
2055,83.20945596694946,84.98
2056,83.20945596694946,84.98
2057,83.26267099380493,84.35
2058,83.26267099380493,84.35
2059,83.36523199081421,89.21
2060,83.41689896583557,89.21
2061,83.41689896583557,89.98
2062,83.48996996879578,89.98
2063,83.48996996879578,88.3
2064,83.56137299537659,87.89
2065,83.56137299537659,87.89
2066,83.61835598945618,86.31
2067,83.61835598945618,86.31
2068,83.67520403862,85.8
2069,83.67520403862,85.53
2070,83.72967505455017,85.53
2071,83.72967505455017,85.31
2072,83.99370288848877,82.49
2073,83.99370288848877,82.47
2074,84.04459309577942,82.15
2075,84.09677910804749,82.1
2076,84.09677910804749,82.1
2077,84.26362204551697,80.1
2078,84.26362204551697,80.1
2079,84.31462097167969,79.35
2080,84.36667895317078,79.07
2081,84.36667895317078,79.07
2082,84.42116904258728,78.08
2083,84.42116904258728,78.08
2084,84.59270191192627,76.82
2085,84.59270191192627,76.61
2086,84.64402604103088,76.61
2087,84.70221304893494,76.26
2088,84.70221304893494,75.46
2089,84.75388503074646,75.04
2090,84.75388503074646,75.04
2091,84.902508020401,73.63
2092,84.902508020401,73.63
2093,84.99635910987854,73.18
2094,84.99635910987854,73.18
2095,85.0480809211731,71.78
2096,85.0480809211731,71.49
2097,85.10158705711365,71.69
2098,85.10158705711365,71.12
2099,85.15556192398071,71.42
2100,85.22302007675171,70.75
2101,85.27337694168091,70.88
2102,85.27337694168091,70.88
2103,85.32742595672607,70.36
2104,85.32742595672607,70.36
2105,85.38789105415344,70.42
2106,85.38789105415344,70.15
2107,85.44311690330505,70.15
2108,85.44311690330505,70.15
2109,85.5819160938263,69.7
2110,85.5819160938263,69.7
2111,85.6336760520935,69.59
2112,85.6336760520935,69.59
2113,85.73509502410889,68.9
2114,85.79119801521301,68.9
2115,85.79119801521301,68.9
2116,85.96363091468811,68.57
2117,85.96363091468811,68.57
2118,86.0224769115448,70.79
2119,86.0224769115448,70.79
2120,86.11225509643555,69.95
2121,86.11225509643555,69.95
2122,86.16644787788391,69.61
2123,86.16644787788391,70.2
2124,86.26610589027405,69.46
2125,86.26610589027405,69.46
2126,86.32112693786621,69.11
2127,86.32112693786621,68.42
2128,86.37183690071106,68.71
2129,86.37183690071106,68.71
2130,86.42582893371582,68.51
2131,86.42582893371582,68.51
2132,86.47660088539124,67.84
2133,86.47660088539124,67.83
2134,86.5307469367981,66.81
2135,86.58405995368958,66.74
2136,86.67500591278076,66.5
2137,86.67500591278076,66.5
2138,86.73172307014465,66.3
2139,86.73172307014465,66.35
2140,86.78358697891235,65.63
2141,86.78358697891235,65.16
2142,86.83604693412781,65.16
2143,86.83604693412781,64.68
2144,86.89053606987,64.68
2145,86.89053606987,64.34
2146,86.94241690635681,63.72
2147,86.94241690635681,63.73
2148,87.02327108383179,63.28
2149,87.02327108383179,61.96
2150,87.07964706420898,61.95
2151,87.07964706420898,61.95
2152,87.15666007995605,61.65
2153,87.15666007995605,61.51
2154,87.20700001716614,61.73
2155,87.20700001716614,61.58
2156,87.25756502151489,61.58
2157,87.25756502151489,65.72
2158,87.31779599189758,65.38
2159,87.31779599189758,65.2
2160,87.3693950176239,64.45
2161,87.43648791313171,63.69
2162,87.43648791313171,63.69
2163,87.49020195007324,63.97
2164,87.49020195007324,63.97
2165,87.54534101486206,63.68
2166,87.54534101486206,63.76
2167,87.59567093849182,63.76
2168,87.6532371044159,63.87
2169,87.740159034729,62.88
2170,87.740159034729,62.9
2171,87.79168891906738,62.57
2172,87.79168891906738,62.57
2173,87.85985994338989,61.94
2174,87.85985994338989,61.94
2175,87.9100489616394,62.01
2176,87.9100489616394,61.06
2177,87.96936297416687,60.68
2178,87.96936297416687,60.68
2179,88.14105105400085,60.28
2180,88.14105105400085,60.28
2181,88.193274974823,59.48
2182,88.193274974823,59.43
2183,88.24851489067078,59.43
2184,88.24851489067078,59.43
2185,88.2985770702362,59.58
2186,88.2985770702362,59.1
2187,88.35287690162659,58.83
2188,88.35287690162659,58.83
2189,88.4080069065094,57.85
2190,88.4080069065094,57.29
2191,88.47245287895203,56.58
2192,88.47245287895203,56.09
2193,88.52446603775024,56.09
2194,88.52446603775024,55.52
2195,88.57634210586548,56.11
2196,88.57634210586548,56.11
2197,88.63595294952393,55.13
2198,88.63595294952393,54.95
2199,88.74349093437195,54.25
2200,88.74349093437195,54.25
2201,88.80108904838562,53.54
2202,88.80108904838562,53.54
2203,88.85439801216125,52.07
2204,88.85439801216125,50.26
2205,88.90924000740051,50.38
2206,89.0034339427948,49.37
2207,89.0034339427948,48.79
2208,89.07956004142761,47.9
2209,89.07956004142761,47.9
2210,89.13485908508301,47.17
2211,89.13485908508301,47.17
2212,89.19139790534973,47.17
2213,89.19139790534973,46.8
2214,89.24343991279602,46.31
2215,89.30043697357178,46.26
2216,89.30043697357178,46.26
2217,89.37342405319214,44.62
2218,89.37342405319214,44.62
2219,89.42907404899597,45.37
2220,89.49200296401978,44.85
2221,89.54334998130798,44.15
2222,89.54334998130798,44.15
2223,89.59872198104858,43.94
2224,89.59872198104858,43.94
2225,89.65511202812195,43.36
2226,89.65511202812195,43.36
2227,89.757248878479,40.96
2228,89.757248878479,40.64
2229,89.8090078830719,40.64
2230,89.86872696876526,39.54
2231,89.86872696876526,35.92
2232,89.91882705688477,35.51
2233,89.91882705688477,40.97
2234,89.97315406799316,41.18
2235,89.97315406799316,41.18
2236,90.02468800544739,41.18
2237,90.02468800544739,41.18
2238,90.07999205589294,40.01
2239,90.07999205589294,39.91
2240,90.13161301612854,39.91
2241,90.18277907371521,38.42
2242,90.18277907371521,37.65
2243,90.23389101028442,37.65
2244,90.2895610332489,36.7
2245,90.2895610332489,35.7
2246,90.3630919456482,35.95
2247,90.3630919456482,35.95
2248,90.44237089157104,34.3
2249,90.44237089157104,34.3
2250,90.49657392501831,33.43
2251,90.49657392501831,33.43
2252,90.55105900764465,32.7
2253,90.55105900764465,32.7
2254,90.60495901107788,31.34
2255,90.65622806549072,30.96
2256,90.71450591087341,30.0
2257,90.71450591087341,30.0
2258,90.83475589752197,29.39
2259,90.83475589752197,29.39
2260,90.88684010505676,23.36
2261,90.94024801254272,22.92
2262,90.94024801254272,22.92
2263,91.03245496749878,22.92
2264,91.03245496749878,22.48
2265,91.08290505409241,21.94
2266,91.08290505409241,21.52
2267,91.14041709899902,21.04
2268,91.14041709899902,21.04
2269,91.23903203010559,19.8
2270,91.23903203010559,19.8
2271,91.29030990600586,19.39
2272,91.29030990600586,19.39
2273,91.34362602233887,19.04
2274,91.34362602233887,19.04
2275,91.4366819858551,18.99
2276,91.4366819858551,18.55
2277,91.49579000473022,18.24
2278,91.49579000473022,18.24
2279,91.5957419872284,16.89
2280,91.5957419872284,16.55
2281,91.64682793617249,15.96
2282,91.70268297195435,17.14
2283,91.70268297195435,17.14
2284,91.75343704223633,18.32
2285,91.75343704223633,18.32
2286,91.81083393096924,18.32
2287,91.81083393096924,17.3
2288,91.86369490623474,17.43
2289,91.86369490623474,18.43
2290,91.9142689704895,18.0
2291,91.9142689704895,18.0
2292,91.96858191490173,17.91
2293,91.96858191490173,17.91
2294,92.03632688522339,17.91
2295,92.03632688522339,17.7
2296,92.0872209072113,17.8
2297,92.13832211494446,17.8
2298,92.13832211494446,18.01
2299,92.21778607368469,17.1
2300,92.21778607368469,17.44
2301,92.27165389060974,17.51
2302,92.27165389060974,17.41
2303,92.32354593276978,17.79
2304,92.37710309028625,17.09
2305,92.37710309028625,17.09
2306,92.49055790901184,17.09
2307,92.49055790901184,16.41
2308,92.54457497596741,16.3
2309,92.54457497596741,16.3
2310,92.59600901603699,16.09
2311,92.59600901603699,16.09
2312,92.66851091384888,15.79
2313,92.66851091384888,15.79
2314,92.72164607048035,15.58
2315,92.72164607048035,15.58
2316,92.7756609916687,15.54
2317,92.7756609916687,15.54
2318,92.83187198638916,15.42
2319,92.83187198638916,15.68
2320,92.88799500465393,14.79
2321,92.9627799987793,14.47
2322,93.0140860080719,14.47
2323,93.0140860080719,14.58
2324,93.06923198699951,14.73
2325,93.06923198699951,14.73
2326,93.1225368976593,14.31
2327,93.1225368976593,14.31
2328,93.21498894691467,14.4
2329,93.21498894691467,14.4
2330,93.26748299598694,14.05
2331,93.26748299598694,14.05
2332,93.32470798492432,13.96
2333,93.32470798492432,13.25
2334,93.3753650188446,13.04
2335,93.3753650188446,13.04
2336,93.4391520023346,12.82
2337,93.4391520023346,12.26
2338,93.49213910102844,11.83
2339,93.54525709152222,12.02
2340,93.54525709152222,12.02
2341,93.5973310470581,11.11
2342,93.64852094650269,11.11
2343,93.69974207878113,10.15
2344,93.75159192085266,10.12
2345,93.75159192085266,9.81
2346,93.81365895271301,9.47
2347,93.86785292625427,8.65
2348,93.86785292625427,8.65
2349,93.92064499855042,8.53
2350,93.92064499855042,8.53
2351,93.97659492492676,7.76
2352,93.97659492492676,7.76
2353,94.08830189704895,7.59
2354,94.21399307250977,6.31
2355,94.21399307250977,5.91
2356,94.26499795913696,5.8
2357,94.32248592376709,5.31
2358,94.32248592376709,5.31
2359,94.37293291091919,4.76
2360,94.37293291091919,3.33
2361,94.42466306686401,3.21
2362,94.42466306686401,3.21
2363,94.48844909667969,3.4
2364,94.48844909667969,3.4
2365,94.54040694236755,3.45
2366,94.54040694236755,3.45
2367,94.59323906898499,2.36
2368,94.6440019607544,2.58
2369,94.6440019607544,3.01
2370,94.69520211219788,2.44
2371,94.69520211219788,3.14
2372,94.74819302558899,3.55
2373,94.84355211257935,3.65
2374,94.84355211257935,3.65
2375,94.90980505943298,8.17
2376,94.90980505943298,8.29
2377,94.9601628780365,8.52
2378,94.9601628780365,8.52
2379,95.01190900802612,9.2
2380,95.01190900802612,9.2
2381,95.06510210037231,10.03
2382,95.06510210037231,10.03
2383,95.11947798728943,10.13
2384,95.11947798728943,10.63
2385,95.17708206176758,10.26
2386,95.17708206176758,10.26
2387,95.22863698005676,10.61
2388,95.22863698005676,10.61
2389,95.28327703475952,11.34
2390,95.28327703475952,11.76
2391,95.3349781036377,12.31
2392,95.39302802085876,12.31
2393,95.4576210975647,13.83
2394,95.53945994377136,13.83
2395,95.59246706962585,12.94
2396,95.59246706962585,14.43
2397,95.64771890640259,13.73
2398,95.70817399024963,13.73
2399,95.76737594604492,15.68
2400,95.88146805763245,17.18
2401,95.88146805763245,17.18
2402,95.93326902389526,18.66
2403,95.93326902389526,18.66
2404,95.9838809967041,18.81
2405,95.9838809967041,18.83
2406,96.03488898277283,19.72
2407,96.08617305755615,20.84
2408,96.08617305755615,20.84
2409,96.14523100852966,21.56
2410,96.14523100852966,21.51
2411,96.19725799560547,21.59
2412,96.19725799560547,22.51
2413,96.25058698654175,23.09
2414,96.25058698654175,23.09
2415,96.3018000125885,24.13
2416,96.3018000125885,24.13
2417,96.35181498527527,25.02
2418,96.35181498527527,25.02
2419,96.40349698066711,24.95
2420,96.4556930065155,25.59
2421,96.4556930065155,25.59
2422,96.5674180984497,25.59
2423,96.5674180984497,27.59
2424,96.64602088928223,27.94
2425,96.64602088928223,27.94
2426,96.71857905387878,28.74
2427,96.71857905387878,29.02
2428,96.77228808403015,29.28
2429,96.77228808403015,29.51
2430,96.82875204086304,30.61
2431,96.82875204086304,30.88
2432,96.88161993026733,31.47
2433,96.88161993026733,31.47
2434,96.94826602935791,32.7
2435,96.94826602935791,32.7
2436,97.00894498825073,33.41
2437,97.00894498825073,34.0
2438,97.0634400844574,34.34
2439,97.0634400844574,34.34
2440,97.11388397216797,34.8
2441,97.11388397216797,34.8
2442,97.2470281124115,35.46
2443,97.2470281124115,35.46
2444,97.29865407943726,37.32
2445,97.29865407943726,37.45
2446,97.35005402565002,37.84
2447,97.35005402565002,37.84
2448,97.40536904335022,38.81
2449,97.40536904335022,38.81
2450,97.51700210571289,39.08
2451,97.51700210571289,39.33
2452,97.57345199584961,39.54
2453,97.57345199584961,39.94
2454,97.63182091712952,40.12
2455,97.68354296684265,40.39
2456,97.74186611175537,40.25
2457,97.74186611175537,40.45
2458,97.7928819656372,41.29
2459,97.7928819656372,41.29
2460,97.84430694580078,41.76
2461,97.84430694580078,41.76
2462,97.89894104003906,41.77
2463,97.89894104003906,41.77
2464,97.94910192489624,41.61
2465,97.94910192489624,41.64
2466,98.00092887878418,42.82
2467,98.0574119091034,42.82
2468,98.10960292816162,42.76
2469,98.10960292816162,42.82
2470,98.163076877594,43.01
2471,98.163076877594,43.01
2472,98.21367311477661,43.57
2473,98.21367311477661,43.57
2474,98.26974606513977,43.85
2475,98.26974606513977,43.85
2476,98.32226800918579,44.79
2477,98.32226800918579,44.79
2478,98.37543296813965,45.17
2479,98.37543296813965,45.17
2480,98.43360090255737,45.17
2481,98.43360090255737,45.94
2482,98.48443794250488,45.47
2483,98.48443794250488,45.66
2484,98.5375440120697,45.73
2485,98.5375440120697,46.52
2486,98.58998203277588,46.92
2487,98.58998203277588,46.92
2488,98.65269303321838,46.83
2489,98.65269303321838,46.83
2490,98.70680093765259,47.69
2491,98.70680093765259,47.69
2492,98.75842690467834,47.88
2493,98.75842690467834,47.88
2494,98.81228804588318,48.71
2495,98.81228804588318,48.71
2496,98.86279702186584,49.42
2497,98.91849303245544,46.54
2498,98.91849303245544,45.91
2499,98.97842192649841,46.33
2500,98.97842192649841,46.33
2501,99.0286660194397,47.21
2502,99.0286660194397,47.21
2503,99.0837950706482,47.38
2504,99.0837950706482,47.38
2505,99.13763904571533,46.68
2506,99.21246790885925,46.5
2507,99.21246790885925,46.5
2508,99.29153990745544,46.83
2509,99.40463304519653,46.83
2510,99.45483207702637,46.83
2511,99.52926111221313,42.96
2512,99.52926111221313,44.39
2513,99.64166808128357,44.25
2514,99.64166808128357,44.26
2515,99.69928002357483,43.48
2516,99.75035691261292,43.49
2517,99.75035691261292,43.44
2518,99.80912709236145,43.35
2519,99.80912709236145,43.78
2520,99.86252808570862,44.93
2521,99.86252808570862,44.93
2522,99.91808891296387,44.93
2523,99.91808891296387,45.21
2524,99.968435049057,45.05
2525,99.968435049057,45.58
2526,100.0210599899292,45.55
2527,100.0210599899292,45.55
2528,100.07219791412354,44.92
2529,100.07219791412354,44.87
2530,100.12299799919128,45.57
2531,100.12299799919128,45.57
2532,100.17511987686157,45.66
2533,100.17511987686157,45.61
2534,100.22873997688293,44.98
2535,100.28268003463745,44.46
2536,100.28268003463745,44.46
2537,100.34154605865479,44.98
2538,100.34154605865479,45.44
2539,100.40313506126404,45.58
2540,100.40313506126404,44.45
2541,100.45524406433105,44.39
2542,100.45524406433105,44.52
2543,100.50828099250793,44.52
2544,100.50828099250793,44.52
2545,100.57784700393677,44.83
2546,100.57784700393677,44.83
2547,100.6302421092987,45.0
2548,100.6302421092987,45.0
2549,100.68520998954773,45.03
2550,100.68520998954773,45.03
2551,100.7545530796051,45.03
2552,100.7545530796051,45.03
2553,100.80882501602173,43.45
2554,100.80882501602173,43.34
2555,100.85931205749512,43.42
2556,100.85931205749512,43.42
2557,100.91139793395996,44.26
2558,100.91139793395996,44.44
2559,100.96427989006042,44.27
2560,101.01652693748474,44.27
2561,101.01652693748474,43.68
2562,101.06676292419434,43.41
2563,101.11705708503723,43.98
2564,101.11705708503723,43.98
2565,101.16857695579529,42.92
2566,101.16857695579529,42.93
2567,101.23792099952698,42.9
2568,101.23792099952698,42.22
2569,101.29048609733582,43.06
2570,101.29048609733582,43.06
2571,107.86751890182495,42.36
2572,107.86751890182495,42.36
2573,107.91973900794983,42.52
2574,107.91973900794983,42.55
2575,107.97431111335754,42.55
2576,107.97431111335754,41.73
2577,108.0280990600586,41.69
2578,108.0280990600586,41.69
2579,108.08436608314514,41.73
2580,108.08436608314514,41.73
2581,108.13545799255371,42.49
2582,108.13545799255371,41.57
2583,108.18685793876648,41.61
2584,108.18685793876648,41.61
2585,108.26894497871399,41.72
2586,108.26894497871399,41.72
2587,108.31968998908997,41.16
2588,108.31968998908997,41.16
2589,108.38883805274963,41.27
2590,108.38883805274963,41.27
2591,108.45112895965576,41.72
2592,108.5035719871521,41.72
2593,108.5035719871521,42.31
2594,108.55428409576416,41.9
2595,108.55428409576416,41.9
2596,108.60590100288391,41.31
2597,108.60590100288391,41.31
2598,108.665855884552,40.91
2599,108.665855884552,40.91
2600,108.71596789360046,40.49
2601,108.71596789360046,40.49
2602,108.76739501953125,40.14
2603,108.76739501953125,39.57
2604,108.81810402870178,39.7
2605,108.81810402870178,39.7
2606,108.87028789520264,39.28
2607,108.87028789520264,39.21
2608,108.92072200775146,38.54
2609,108.92072200775146,38.54
2610,108.97304201126099,38.39
2611,108.97304201126099,38.39
2612,109.03408598899841,38.21
2613,109.03408598899841,38.21
2614,109.08787798881531,38.07
2615,109.08787798881531,38.07
2616,109.13927507400513,38.4
2617,109.13927507400513,38.4
2618,109.18929290771484,38.4
2619,109.25136590003967,38.66
2620,109.25136590003967,38.66
2621,109.30403089523315,38.93
2622,109.30403089523315,38.76
2623,109.35747003555298,39.01
2624,109.35747003555298,39.06
2625,109.40985894203186,39.28
2626,109.40985894203186,39.28
2627,109.46145009994507,42.08
2628,109.46145009994507,42.08
2629,109.5127420425415,42.88
2630,109.5127420425415,42.91
2631,109.56873202323914,43.61
2632,109.56873202323914,43.77
2633,109.61982297897339,44.35
2634,109.61982297897339,44.35
2635,109.71124410629272,44.8
2636,109.71124410629272,44.99
2637,109.76386499404907,45.5
2638,109.76386499404907,46.14
2639,109.84745407104492,45.91
2640,109.84745407104492,45.91
2641,109.90563011169434,47.27
2642,109.96633505821228,48.06
2643,109.96633505821228,48.06
2644,110.02395391464233,48.57
2645,110.18453788757324,48.41
2646,110.18453788757324,50.31
2647,110.23493599891663,50.96
2648,110.23493599891663,50.96
2649,110.28806805610657,51.36
2650,110.28806805610657,51.36
2651,110.34113907814026,52.2
2652,110.34113907814026,52.2
2653,110.4169089794159,53.37
2654,110.4169089794159,54.68
2655,110.46999907493591,54.68
2656,110.54027104377747,55.98
2657,110.54027104377747,55.98
2658,110.59132695198059,56.53
2659,110.59132695198059,56.53
2660,110.64303708076477,58.24
2661,110.64303708076477,58.24
2662,110.7601261138916,58.24
2663,110.7601261138916,58.24
2664,110.81630396842957,59.84
2665,110.81630396842957,60.16
2666,110.87028908729553,60.16
2667,110.87028908729553,61.0
2668,110.93555092811584,61.61
2669,110.93555092811584,61.43
2670,110.98562407493591,61.64
2671,110.98562407493591,61.64
2672,111.03660011291504,62.08
2673,111.03660011291504,62.08
2674,111.09887099266052,63.61
2675,111.09887099266052,63.54
2676,111.15149998664856,64.09
2677,111.15149998664856,64.09
2678,111.2069718837738,65.03
2679,111.2069718837738,65.03
2680,111.26837801933289,66.1
2681,111.26837801933289,66.2
2682,111.32907104492188,66.4
2683,111.38098502159119,66.59
2684,111.38098502159119,66.59
2685,111.44967603683472,66.59
2686,111.44967603683472,66.59
2687,111.50171303749084,68.02
2688,111.55733394622803,68.27
2689,111.60939502716064,69.26
2690,111.60939502716064,69.3
2691,111.6615400314331,69.3
2692,111.6615400314331,69.46
2693,111.79615807533264,70.26
2694,111.79615807533264,70.26
2695,111.84658908843994,71.16
2696,111.84658908843994,71.16
2697,111.8996090888977,71.09
2698,111.8996090888977,67.61
2699,111.94966793060303,67.27
2700,111.94966793060303,67.27
2701,112.00229001045227,67.27
2702,112.00229001045227,67.27
2703,112.0793309211731,71.18
2704,112.13383793830872,71.79
2705,112.18404388427734,71.45
2706,112.18404388427734,71.45
2707,112.23491597175598,72.23
2708,112.28823208808899,71.66
2709,112.28823208808899,72.64
2710,112.34077405929565,72.6
2711,112.34077405929565,72.27
2712,112.39352893829346,72.27
2713,112.45535898208618,72.39
2714,112.45535898208618,72.39
2715,112.51001596450806,73.11
2716,112.51001596450806,73.11
2717,112.59018301963806,72.98
2718,112.59018301963806,72.98
2719,112.64099597930908,73.24
2720,112.64099597930908,73.24
2721,112.69418001174927,73.24
2722,112.69418001174927,73.24
2723,112.85646390914917,74.75
2724,112.85646390914917,74.75
2725,112.90715408325195,74.17
2726,112.9600350856781,74.62
2727,113.01621603965759,75.53
2728,113.01621603965759,76.0
2729,113.16409111022949,76.65
2730,113.16409111022949,76.65
2731,113.2157769203186,77.18
2732,113.2157769203186,77.18
2733,113.26828694343567,77.51
2734,113.26828694343567,77.51
2735,113.31910800933838,77.77
2736,113.36975908279419,78.69
2737,113.36975908279419,79.07
2738,113.4231379032135,78.81
2739,113.4231379032135,79.06
2740,113.47791600227356,79.0
2741,113.47791600227356,79.48
2742,113.52862691879272,79.48
2743,113.52862691879272,79.48
2744,113.57964992523193,80.68
2745,113.63021993637085,80.65
2746,113.68397903442383,80.82
2747,113.68397903442383,80.82
2748,113.78552794456482,81.79
2749,113.78552794456482,81.79
2750,113.83721208572388,82.24
2751,113.83721208572388,82.24
2752,113.88913202285767,83.43
2753,113.88913202285767,83.32
2754,113.94163489341736,83.32
2755,113.94163489341736,83.75
2756,113.99679493904114,83.68
2757,114.04824495315552,83.82
2758,114.04824495315552,84.04
2759,114.12496590614319,84.12
2760,114.17589902877808,84.8
2761,114.17589902877808,84.85
2762,114.2869119644165,84.85
2763,114.34025406837463,86.38
2764,114.34025406837463,86.38
2765,114.44757103919983,87.43
2766,114.44757103919983,87.43
2767,114.50097990036011,87.4
2768,114.50097990036011,87.4
2769,114.55712103843689,88.95
2770,114.55712103843689,88.96
2771,114.60717391967773,89.32
2772,114.60717391967773,89.87
2773,114.66122198104858,90.26
2774,114.66122198104858,90.73
2775,114.71364307403564,90.73
2776,114.76491403579712,91.99
2777,114.76491403579712,91.99
2778,114.81700706481934,92.48
2779,114.87388110160828,93.07
2780,114.87388110160828,93.94
2781,114.93937301635742,94.39
2782,114.93937301635742,94.39
2783,115.00752902030945,95.66
2784,115.00752902030945,95.66
2785,115.06119799613953,96.0
2786,115.06119799613953,96.0
2787,115.11318898200989,97.86
2788,115.11318898200989,98.15
2789,115.1677029132843,99.28
2790,115.1677029132843,99.22
2791,115.2261049747467,99.77
2792,115.2261049747467,99.69
2793,115.27830410003662,100.67
2794,115.27830410003662,101.49
2795,115.32951307296753,101.44
2796,115.32951307296753,101.44
2797,115.39163589477539,102.46
2798,115.39163589477539,102.46
2799,115.44425392150879,103.06
2800,115.44425392150879,103.06
2801,115.49685788154602,103.95
2802,115.49685788154602,103.95
2803,115.54881000518799,105.29
2804,115.54881000518799,105.29
2805,115.60383200645447,106.06
2806,115.60383200645447,106.06
2807,115.65462493896484,106.42
2808,115.65462493896484,106.42
2809,115.70494294166565,106.99
2810,115.70494294166565,106.99
2811,115.77831101417542,108.33
2812,115.77831101417542,108.33
2813,115.8315908908844,109.5
2814,115.8315908908844,109.5
2815,115.88438892364502,110.58
2816,115.88438892364502,110.58
2817,115.9348669052124,111.02
2818,115.98658394813538,111.49
2819,115.98658394813538,111.49
2820,116.1339681148529,113.83
2821,116.1339681148529,113.83
2822,116.18939089775085,114.77
2823,116.24038910865784,115.42
2824,116.291738986969,116.83
2825,116.40729188919067,117.51
2826,116.40729188919067,119.19
2827,116.46829390525818,119.59
2828,116.52009105682373,119.59
2829,116.58989691734314,119.77
2830,116.58989691734314,120.3
2831,116.64049911499023,121.5
2832,116.64049911499023,121.51
2833,116.6937210559845,121.77
2834,116.6937210559845,121.77
2835,116.80292892456055,123.89
2836,116.80292892456055,123.89
2837,116.86168003082275,124.15
2838,116.914057970047,124.88
2839,116.914057970047,124.88
2840,116.98642706871033,121.58
2841,116.98642706871033,121.58
2842,117.06064295768738,121.07
2843,117.06064295768738,121.66
2844,117.11348009109497,121.88
2845,117.11348009109497,121.88
2846,117.16893100738525,122.4
2847,117.23529410362244,122.08
2848,117.23529410362244,122.43
2849,117.28743410110474,122.43
2850,117.28743410110474,122.39
2851,117.3379418849945,123.29
2852,117.3379418849945,123.28
2853,117.39086389541626,123.7
2854,117.39086389541626,123.28
2855,117.44986891746521,123.28
2856,117.50105810165405,123.57
2857,117.50105810165405,123.57
2858,117.55540609359741,123.57
2859,117.60820508003235,124.47
2860,117.60820508003235,124.57
2861,117.66002011299133,124.3
2862,117.66002011299133,124.3
2863,117.71914196014404,124.04
2864,117.71914196014404,124.04
2865,117.8147521018982,124.38
2866,117.8147521018982,124.38
2867,117.88175201416016,124.67
2868,117.88175201416016,123.8
2869,117.9342360496521,124.73
2870,117.98742294311523,124.6
2871,117.98742294311523,124.26
2872,118.04882097244263,124.26
2873,118.10024189949036,124.09
2874,118.10024189949036,123.99
2875,118.1515109539032,124.01
2876,118.1515109539032,124.01
2877,118.22842407226562,123.29
2878,118.28126907348633,123.38
2879,118.33415102958679,123.19
2880,118.39576697349548,122.98
2881,118.39576697349548,122.98
2882,118.57076692581177,123.97
2883,118.57076692581177,123.9
2884,118.62627005577087,123.6
2885,118.62627005577087,123.6
2886,118.68420910835266,128.64
2887,118.68420910835266,128.64
2888,118.73476791381836,129.19
2889,118.73476791381836,129.19
2890,118.78540110588074,129.35
2891,118.78540110588074,129.35
2892,118.83735799789429,130.57
2893,118.83735799789429,130.44
2894,118.90656805038452,130.94
2895,118.90656805038452,130.94
2896,118.95820689201355,131.05
2897,118.95820689201355,131.05
2898,119.02254390716553,131.22
2899,119.02254390716553,131.22
2900,119.0741639137268,131.19
2901,119.0741639137268,131.19
2902,119.13412499427795,131.57
2903,119.13412499427795,131.57
2904,119.20897793769836,131.11
2905,119.20897793769836,131.11
2906,119.2644190788269,131.77
2907,119.2644190788269,131.76
2908,119.31736493110657,131.68
2909,119.31736493110657,131.68
2910,119.38024401664734,131.93
2911,119.38024401664734,131.93
2912,119.43026304244995,131.73
2913,119.43026304244995,131.73
2914,119.50200295448303,131.73
2915,119.50200295448303,131.73
2916,119.55227088928223,132.64
2917,119.55227088928223,132.64
2918,119.61488604545593,132.64
2919,119.61488604545593,132.64
2920,119.66873693466187,132.73
2921,119.66873693466187,132.73
2922,119.7191870212555,132.42
2923,119.7191870212555,132.75
2924,119.78042602539062,132.79
2925,119.78042602539062,132.4
2926,119.83640503883362,131.93
2927,119.83640503883362,131.93
2928,119.90024709701538,131.07
2929,119.90024709701538,131.07
2930,119.96233201026917,130.73
2931,119.96233201026917,130.73
2932,120.0275809764862,131.48
2933,120.0275809764862,131.37
2934,120.07985806465149,130.9
2935,120.07985806465149,130.9
2936,120.13073110580444,129.51
2937,120.13073110580444,129.51
2938,120.19904398918152,129.51
2939,120.19904398918152,129.93
2940,120.27005410194397,129.3
2941,120.27005410194397,129.3
2942,120.32835793495178,127.94
2943,120.32835793495178,127.94
2944,120.37927007675171,127.81
2945,120.37927007675171,127.95
2946,120.43068408966064,127.37
2947,120.43068408966064,127.37
2948,120.48394989967346,127.11
2949,120.48394989967346,126.86
2950,120.54238510131836,125.69
2951,120.54238510131836,125.69
2952,120.59512400627136,125.27
2953,120.59512400627136,125.16
2954,120.65030598640442,124.57
2955,120.65030598640442,124.42
2956,120.70185899734497,123.99
2957,120.76688194274902,123.72
2958,120.76688194274902,123.72
2959,120.82146000862122,123.09
2960,120.82146000862122,123.09
2961,120.88497996330261,122.93
2962,120.94131708145142,121.84
2963,120.99441695213318,121.75
2964,120.99441695213318,121.68
2965,121.04739308357239,121.4
2966,121.04739308357239,121.12
2967,121.10012006759644,120.48
2968,121.10012006759644,120.48
2969,121.15856409072876,120.39
2970,121.15856409072876,120.39
2971,121.23469710350037,120.39
2972,121.23469710350037,119.39
2973,121.2856330871582,118.69
2974,121.2856330871582,118.71
2975,121.33847403526306,118.89
2976,121.33847403526306,118.89
2977,121.39891695976257,119.33
2978,121.39891695976257,119.17
2979,121.45444393157959,119.17
2980,121.45444393157959,118.71
2981,121.50704598426819,119.38
2982,121.50704598426819,119.38
2983,121.652517080307,119.38
2984,121.652517080307,119.38
2985,121.70516204833984,118.32
2986,121.70516204833984,118.32
2987,121.75657892227173,117.38
2988,121.75657892227173,117.32
2989,121.80976295471191,117.32
2990,121.80976295471191,117.32
2991,121.90761709213257,118.1
2992,121.90761709213257,118.1
2993,121.95934391021729,119.18
2994,122.01169490814209,121.2
2995,122.01169490814209,122.96
2996,122.06272602081299,123.25
2997,122.11538290977478,124.22
2998,122.11538290977478,124.22
2999,122.16678500175476,124.29
3000,122.16678500175476,124.29
3001,122.22274804115295,124.29
3002,122.22274804115295,124.29
3003,122.28810405731201,124.42
3004,122.28810405731201,124.42
3005,122.3383948802948,124.39
3006,122.3383948802948,124.39
3007,122.3892970085144,124.46
3008,122.3892970085144,124.46
3009,122.46791410446167,124.43
3010,122.46791410446167,124.43
3011,122.5416419506073,124.42
3012,122.5416419506073,124.42
3013,122.59365606307983,124.48
3014,122.59365606307983,124.48
3015,122.64551496505737,124.37
3016,122.64551496505737,124.37
3017,122.69690895080566,124.39
3018,122.69690895080566,124.38
3019,122.74967694282532,124.39
3020,122.74967694282532,124.38
3021,122.80238890647888,124.42
3022,122.85938811302185,124.42
3023,122.85938811302185,124.42
3024,122.9104950428009,124.39
3025,122.9104950428009,124.37
3026,122.96368193626404,124.51
3027,122.96368193626404,124.51
3028,123.0152370929718,124.65
3029,123.0152370929718,124.65
3030,123.0719690322876,124.65
3031,123.12665700912476,124.58
3032,123.12665700912476,124.57
3033,123.22382402420044,124.58
3034,123.22382402420044,124.58
3035,123.27387189865112,124.52
3036,123.32674789428711,124.56
3037,123.32674789428711,124.56
3038,123.37819290161133,124.51
3039,123.37819290161133,124.51
3040,123.42970108985901,124.63
3041,123.42970108985901,124.63
3042,123.48345804214478,124.59
3043,123.61132502555847,124.5
3044,123.61132502555847,124.5
3045,123.66202306747437,124.5
3046,123.71434092521667,124.54
3047,123.71434092521667,124.54
3048,123.76835799217224,124.52
3049,123.76835799217224,124.53
3050,123.8214750289917,124.59
3051,123.8214750289917,124.58
3052,123.88518691062927,124.58
3053,123.88518691062927,124.52
3054,123.93796610832214,124.65
3055,123.99943399429321,124.51
3056,123.99943399429321,124.73
3057,124.05051589012146,124.73
3058,124.05051589012146,124.53
3059,124.1008529663086,124.53
3060,124.1008529663086,124.72
3061,124.15369510650635,124.54
3062,124.15369510650635,124.54
3063,124.25600099563599,124.59
3064,124.25600099563599,124.59
3065,124.31797099113464,124.61
3066,124.31797099113464,124.61
3067,124.36870789527893,124.53
3068,124.36870789527893,124.62
3069,124.43068504333496,124.62
3070,124.48181009292603,124.52
3071,124.48181009292603,124.52
3072,124.66083407402039,124.52
3073,124.7273678779602,124.57
3074,124.78072500228882,124.54
3075,124.83123397827148,124.58
3076,124.83123397827148,124.58
3077,124.94895005226135,124.53
3078,124.94895005226135,124.53
3079,125.00062489509583,124.53
3080,125.00062489509583,124.55
3081,125.05109310150146,124.49
3082,125.10428404808044,124.52
3083,125.10428404808044,124.52
3084,125.15706491470337,124.49
3085,125.15706491470337,124.49
3086,125.22009611129761,124.49
3087,125.27200508117676,124.57
3088,125.32630896568298,124.56
3089,125.32630896568298,124.56
3090,125.37766790390015,124.56
3091,125.37766790390015,124.61
3092,125.4287269115448,124.51
3093,125.4287269115448,124.51
3094,125.53406500816345,124.54
3095,125.53406500816345,124.53
3096,125.58587503433228,124.53
3097,125.58587503433228,124.53
3098,125.6375789642334,124.54
3099,125.6375789642334,124.54
3100,125.68809509277344,124.56
3101,125.68809509277344,124.56
3102,125.7386679649353,124.5
3103,125.7386679649353,124.58
3104,125.79065489768982,124.58
3105,125.84245991706848,124.62
3106,125.90445399284363,124.56
3107,125.90445399284363,124.72
3108,125.96001505851746,124.72
3109,125.96001505851746,124.66
3110,126.01117610931396,124.69
3111,126.01117610931396,124.69
3112,126.06656408309937,124.7
3113,126.06656408309937,124.7
3114,126.11911392211914,124.66
3115,126.11911392211914,124.66
3116,126.17122888565063,124.62
3117,126.17122888565063,124.62
3118,126.24385190010071,124.6
3119,126.30246090888977,124.6
3120,126.35856103897095,124.61
3121,126.35856103897095,124.64
3122,126.4092309474945,124.75
3123,126.4092309474945,124.75
3124,126.46030902862549,124.72
3125,126.46030902862549,124.71
3126,126.55182194709778,124.71
3127,126.55182194709778,124.71
3128,126.60279297828674,124.74
3129,126.60279297828674,124.73
3130,126.65566611289978,124.73
3131,126.65566611289978,124.73
3132,126.71706700325012,124.7
3133,126.71706700325012,124.7
3134,126.77425599098206,124.63
3135,126.77425599098206,124.63
3136,126.83116292953491,124.77
3137,126.83116292953491,124.77
3138,126.88119792938232,124.67
3139,126.88119792938232,124.67
3140,126.98897004127502,124.67
3141,127.040030002594,124.64
3142,127.040030002594,124.64
3143,127.0942211151123,124.62
3144,127.0942211151123,124.62
3145,127.15092611312866,124.64
3146,127.15092611312866,124.64
3147,127.3682210445404,124.76
3148,127.3682210445404,124.76
3149,127.45683908462524,124.68
3150,127.45683908462524,124.68
